time,load_shortfall_3h
2015-01-01 03:00:00,9139
2015-01-01 06:00:00,10025
2015-01-01 09:00:00,15229
2015-01-01 12:00:00,10699
2015-01-01 15:00:00,15925
2015-01-01 18:00:00,12844
2015-01-01 21:00:00,12377
2015-01-02 00:00:00,12377
2015-01-02 03:00:00,12444
2015-01-02 06:00:00,10006
2015-01-02 09:00:00,5120
2015-01-02 12:00:00,12444
2015-01-02 15:00:00,12377
2015-01-02 18:00:00,6997
2015-01-02 21:00:00,6997
2015-01-03 00:00:00,15286
2015-01-03 03:00:00,12914
2015-01-03 06:00:00,11475
2015-01-03 09:00:00,15836
2015-01-03 12:00:00,15836
2015-01-03 15:00:00,15836
2015-01-03 18:00:00,6094
2015-01-03 21:00:00,10458
2015-01-04 00:00:00,6997
2015-01-04 03:00:00,12647
2015-01-04 06:00:00,13467
2015-01-04 09:00:00,15836
2015-01-04 12:00:00,15836
2015-01-04 15:00:00,9574
2015-01-04 18:00:00,9574
2015-01-04 21:00:00,9671
2015-01-05 00:00:00,9671
2015-01-05 03:00:00,5140
2015-01-05 06:00:00,14007
2015-01-05 09:00:00,-2365
2015-01-05 12:00:00,13467
2015-01-05 21:00:00,16873
2015-01-06 00:00:00,15596
2015-01-06 03:00:00,2602
2015-01-06 06:00:00,13020
2015-01-06 09:00:00,7889
2015-01-06 12:00:00,8920
2015-01-06 15:00:00,8920
2015-01-06 18:00:00,10924
2015-01-06 21:00:00,5305
2015-01-07 00:00:00,14374
2015-01-07 03:00:00,15396
2015-01-07 06:00:00,1610
2015-01-07 09:00:00,8643
2015-01-07 12:00:00,1610
2015-01-07 15:00:00,14441
2015-01-07 18:00:00,9820
2015-01-07 21:00:00,6715
2015-01-08 00:00:00,6367
2015-01-08 03:00:00,16134
2015-01-08 06:00:00,11321
2015-01-08 09:00:00,11321
2015-01-08 12:00:00,12435
2015-01-08 15:00:00,5423
2015-01-08 18:00:00,10770
2015-01-08 21:00:00,9578
2015-01-09 00:00:00,13775
2015-01-09 03:00:00,11642
2015-01-09 06:00:00,10183
2015-01-09 09:00:00,16617
2015-01-09 12:00:00,11321
2015-01-09 15:00:00,16453
2015-01-09 18:00:00,14929
2015-01-09 21:00:00,15787
2015-01-10 00:00:00,11891
2015-01-10 03:00:00,1962
2015-01-10 06:00:00,9221
2015-01-10 09:00:00,9064
2015-01-10 12:00:00,5834
2015-01-10 15:00:00,10478
2015-01-10 18:00:00,11648
2015-01-10 21:00:00,7173
2015-01-11 00:00:00,8322
2015-01-11 03:00:00,10478
2015-01-11 06:00:00,10699
2015-01-11 09:00:00,10699
2015-01-11 12:00:00,10458
2015-01-11 15:00:00,14014
2015-01-11 18:00:00,5934
2015-01-11 21:00:00,8360
2015-01-12 00:00:00,4992
2015-01-12 03:00:00,11754
2015-01-12 06:00:00,7416
2015-01-12 09:00:00,11346
2015-01-12 12:00:00,10978
2015-01-12 15:00:00,10978
2015-01-12 18:00:00,12484
2015-01-12 21:00:00,10537
2015-01-13 00:00:00,15925
2015-01-13 03:00:00,11642
2015-01-13 06:00:00,10699
2015-01-13 09:00:00,11321
2015-01-13 12:00:00,11321
2015-01-13 15:00:00,11321
2015-01-13 18:00:00,16453
2015-01-13 21:00:00,20373
2015-01-14 00:00:00,23185
2015-01-14 03:00:00,16738
2015-01-14 06:00:00,3751
2015-01-14 09:00:00,5661
2015-01-14 12:00:00,5661
2015-01-14 15:00:00,9944
2015-01-14 18:00:00,15341
2015-01-14 21:00:00,10703
2015-01-15 00:00:00,12055
2015-01-15 03:00:00,5520
2015-01-15 06:00:00,5200
2015-01-15 09:00:00,12484
2015-01-15 12:00:00,5139
2015-01-15 15:00:00,15671
2015-01-15 18:00:00,12894
2015-01-15 21:00:00,10699
2015-01-16 00:00:00,15925
2015-01-16 03:00:00,10294
2015-01-16 06:00:00,3512
2015-01-16 09:00:00,3512
2015-01-16 12:00:00,11642
2015-01-16 15:00:00,3512
2015-01-16 18:00:00,3512
2015-01-16 21:00:00,3512
2015-01-17 00:00:00,12419
2015-01-17 03:00:00,10294
2015-01-17 06:00:00,6612
2015-01-17 09:00:00,3750
2015-01-17 12:00:00,10048
2015-01-17 15:00:00,13467
2015-01-17 18:00:00,15439
2015-01-17 21:00:00,3754
2015-01-18 00:00:00,15270
2015-01-18 03:00:00,7395
2015-01-18 06:00:00,15270
2015-01-18 09:00:00,20398
2015-01-18 12:00:00,10025
2015-01-18 15:00:00,9292
2015-01-18 18:00:00,10537
2015-01-18 21:00:00,12558
2015-01-19 00:00:00,13463
2015-01-19 03:00:00,13364
2015-01-19 06:00:00,9140
2015-01-19 09:00:00,12671
2015-01-19 12:00:00,8975
2015-01-19 15:00:00,5976
2015-01-19 18:00:00,3676
2015-01-19 21:00:00,7641
2015-01-20 00:00:00,8708
2015-01-20 03:00:00,6053
2015-01-20 06:00:00,13914
2015-01-20 09:00:00,3131
2015-01-20 12:00:00,11065
2015-01-20 15:00:00,14014
2015-01-20 18:00:00,11310
2015-01-20 21:00:00,15270
2015-01-21 00:00:00,9759
2015-01-21 03:00:00,7641
2015-01-21 06:00:00,3750
2015-01-21 09:00:00,12444
2015-01-21 12:00:00,132
2015-01-21 15:00:00,132
2015-01-21 18:00:00,11493
2015-01-21 21:00:00,10482
2015-01-22 00:00:00,15270
2015-01-22 03:00:00,15270
2015-01-22 06:00:00,14744
2015-01-22 09:00:00,9554
2015-01-22 12:00:00,8284
2015-01-22 15:00:00,8284
2015-01-22 18:00:00,3512
2015-01-22 21:00:00,15270
2015-01-23 00:00:00,15270
2015-01-23 03:00:00,4276
2015-01-23 06:00:00,9474
2015-01-23 09:00:00,12519
2015-01-23 12:00:00,13043
2015-01-23 15:00:00,8975
2015-01-23 18:00:00,11310
2015-01-23 21:00:00,15270
2015-01-24 00:00:00,12124
2015-01-24 03:00:00,13364
2015-01-24 06:00:00,10831
2015-01-24 09:00:00,10012
2015-01-24 12:00:00,15671
2015-01-24 15:00:00,13816
2015-01-24 18:00:00,11220
2015-01-24 21:00:00,10831
2015-01-25 00:00:00,15688
2015-01-25 03:00:00,17037
2015-01-25 06:00:00,11220
2015-01-25 09:00:00,8008
2015-01-25 12:00:00,8008
2015-01-25 15:00:00,10506
2015-01-25 18:00:00,4508
2015-01-25 21:00:00,3558
2015-01-26 00:00:00,14543
2015-01-26 03:00:00,6012
2015-01-26 06:00:00,4557
2015-01-26 09:00:00,12785
2015-01-26 12:00:00,6715
2015-01-26 15:00:00,16376
2015-01-26 18:00:00,17460
2015-01-26 21:00:00,5513
2015-01-27 00:00:00,5929
2015-01-27 03:00:00,10640
2015-01-27 06:00:00,15272
2015-01-27 09:00:00,5120
2015-01-27 12:00:00,5120
2015-01-27 15:00:00,5120
2015-01-27 18:00:00,9168
2015-01-27 21:00:00,14446
2015-01-28 00:00:00,13364
2015-01-28 03:00:00,13364
2015-01-28 06:00:00,13364
2015-01-28 09:00:00,13435
2015-01-28 12:00:00,10025
2015-01-28 15:00:00,9292
2015-01-28 18:00:00,9292
2015-01-28 21:00:00,13364
2015-01-29 00:00:00,13364
2015-01-29 03:00:00,13364
2015-01-29 06:00:00,11722
2015-01-29 09:00:00,11691
2015-01-29 12:00:00,13194
2015-01-29 15:00:00,13194
2015-01-29 18:00:00,12671
2015-01-29 21:00:00,13364
2015-01-30 00:00:00,12258
2015-01-30 03:00:00,13364
2015-01-30 06:00:00,10294
2015-01-30 09:00:00,12671
2015-01-30 12:00:00,12249
2015-01-30 15:00:00,12671
2015-01-30 18:00:00,12671
2015-01-30 21:00:00,9738
2015-01-31 00:00:00,2664
2015-01-31 03:00:00,17283
2015-01-31 06:00:00,11341
2015-01-31 09:00:00,12671
2015-01-31 12:00:00,9292
2015-01-31 15:00:00,11159
2015-01-31 18:00:00,12671
2015-01-31 21:00:00,10699
2015-02-01 00:00:00,15068
2015-02-01 03:00:00,10294
2015-02-01 06:00:00,13364
2015-02-01 09:00:00,2350
2015-02-01 12:00:00,11376
2015-02-01 21:00:00,4736
2015-02-02 00:00:00,11493
2015-02-02 03:00:00,12444
2015-02-02 06:00:00,5496
2015-02-02 09:00:00,14846
2015-02-02 12:00:00,12631
2015-02-02 15:00:00,12631
2015-02-02 18:00:00,5976
2015-02-02 21:00:00,12766
2015-02-03 00:00:00,12766
2015-02-03 03:00:00,14609
2015-02-03 06:00:00,14585
2015-02-03 09:00:00,7943
2015-02-03 12:00:00,7943
2015-02-03 15:00:00,1542
2015-02-03 18:00:00,1542
2015-02-03 21:00:00,10537
2015-02-04 00:00:00,12444
2015-02-04 03:00:00,12529
2015-02-04 06:00:00,10966
2015-02-04 09:00:00,10966
2015-02-04 12:00:00,12377
2015-02-04 15:00:00,12377
2015-02-04 18:00:00,19043
2015-02-04 21:00:00,2248
2015-02-05 00:00:00,16133
2015-02-05 03:00:00,11260
2015-02-05 06:00:00,13746
2015-02-05 09:00:00,15458
2015-02-05 12:00:00,7932
2015-02-05 15:00:00,4347
2015-02-05 18:00:00,16367
2015-02-05 21:00:00,4347
2015-02-06 00:00:00,14846
2015-02-06 03:00:00,13774
2015-02-06 06:00:00,15396
2015-02-06 09:00:00,15396
2015-02-06 12:00:00,1610
2015-02-06 15:00:00,4347
2015-02-06 18:00:00,16367
2015-02-06 21:00:00,10653
2015-02-07 00:00:00,20398
2015-02-07 03:00:00,15408
2015-02-07 06:00:00,11691
2015-02-07 09:00:00,11691
2015-02-07 12:00:00,5520
2015-02-07 15:00:00,10920
2015-02-07 18:00:00,15249
2015-02-07 21:00:00,13914
2015-02-08 00:00:00,12766
2015-02-08 03:00:00,11691
2015-02-08 06:00:00,10966
2015-02-08 09:00:00,11691
2015-02-08 12:00:00,13364
2015-02-08 15:00:00,4551
2015-02-08 18:00:00,13914
2015-02-08 21:00:00,13914
2015-02-09 00:00:00,12766
2015-02-09 03:00:00,7098
2015-02-09 06:00:00,12419
2015-02-09 09:00:00,12419
2015-02-09 12:00:00,12419
2015-02-09 15:00:00,10537
2015-02-09 18:00:00,10025
2015-02-09 21:00:00,5101
2015-02-10 00:00:00,10025
2015-02-10 03:00:00,13873
2015-02-10 06:00:00,12509
2015-02-10 09:00:00,11691
2015-02-10 12:00:00,9046
2015-02-10 15:00:00,-2365
2015-02-10 18:00:00,11622
2015-02-10 21:00:00,14435
2015-02-11 00:00:00,11881
2015-02-11 03:00:00,7943
2015-02-11 06:00:00,10966
2015-02-11 09:00:00,7943
2015-02-11 12:00:00,9168
2015-02-11 15:00:00,10978
2015-02-11 18:00:00,13873
2015-02-11 21:00:00,13873
2015-02-12 00:00:00,5976
2015-02-12 03:00:00,9168
2015-02-12 06:00:00,10966
2015-02-12 09:00:00,12844
2015-02-12 12:00:00,13857
2015-02-12 15:00:00,12930
2015-02-12 18:00:00,16974
2015-02-12 21:00:00,6715
2015-02-13 00:00:00,13857
2015-02-13 03:00:00,11065
2015-02-13 06:00:00,9273
2015-02-13 09:00:00,-2749
2015-02-13 12:00:00,9455
2015-02-13 15:00:00,9455
2015-02-13 18:00:00,10025
2015-02-13 21:00:00,11321
2015-02-14 00:00:00,9292
2015-02-14 03:00:00,12529
2015-02-14 06:00:00,6014
2015-02-14 09:00:00,9238
2015-02-14 12:00:00,1542
2015-02-14 15:00:00,10978
2015-02-14 18:00:00,10978
2015-02-14 21:00:00,11037
2015-02-15 00:00:00,9086
2015-02-15 03:00:00,5532
2015-02-15 06:00:00,2312
2015-02-15 09:00:00,15848
2015-02-15 12:00:00,19216
2015-02-15 15:00:00,10699
2015-02-15 18:00:00,7610
2015-02-15 21:00:00,11473
2015-02-16 00:00:00,13949
2015-02-16 03:00:00,14320
2015-02-16 06:00:00,8105
2015-02-16 09:00:00,8105
2015-02-16 12:00:00,15848
2015-02-16 15:00:00,11722
2015-02-16 18:00:00,10032
2015-02-16 21:00:00,3018
2015-02-17 00:00:00,-343
2015-02-17 03:00:00,8987
2015-02-17 06:00:00,11650
2015-02-17 09:00:00,13364
2015-02-17 12:00:00,15855
2015-02-17 15:00:00,11872
2015-02-17 18:00:00,12689
2015-02-17 21:00:00,4606
2015-02-18 00:00:00,12689
2015-02-18 03:00:00,8624
2015-02-18 06:00:00,10017
2015-02-18 09:00:00,10017
2015-02-18 12:00:00,14271
2015-02-18 15:00:00,13914
2015-02-18 18:00:00,10470
2015-02-18 21:00:00,11065
2015-02-19 00:00:00,11310
2015-02-19 03:00:00,12716
2015-02-19 06:00:00,12716
2015-02-19 09:00:00,19289
2015-02-19 12:00:00,13336
2015-02-19 15:00:00,-1578
2015-02-19 18:00:00,2116
2015-02-19 21:00:00,4520
2015-02-20 00:00:00,7870
2015-02-20 03:00:00,9168
2015-02-20 06:00:00,10966
2015-02-20 09:00:00,9168
2015-02-20 12:00:00,9168
2015-02-20 15:00:00,8360
2015-02-20 18:00:00,6034
2015-02-20 21:00:00,12671
2015-02-21 00:00:00,12444
2015-02-21 03:00:00,12529
2015-02-21 06:00:00,10966
2015-02-21 09:00:00,7641
2015-02-21 12:00:00,12716
2015-02-21 15:00:00,12286
2015-02-21 18:00:00,12648
2015-02-21 21:00:00,5520
2015-02-22 00:00:00,6875
2015-02-22 03:00:00,7089
2015-02-22 06:00:00,13364
2015-02-22 09:00:00,13364
2015-02-22 12:00:00,10294
2015-02-22 15:00:00,9292
2015-02-22 18:00:00,10294
2015-02-22 21:00:00,10294
2015-02-23 00:00:00,13364
2015-02-23 03:00:00,14901
2015-02-23 06:00:00,14901
2015-02-23 09:00:00,6108
2015-02-23 12:00:00,13364
2015-02-23 15:00:00,14435
2015-02-23 18:00:00,5082
2015-02-23 21:00:00,14435
2015-02-24 00:00:00,13364
2015-02-24 03:00:00,12124
2015-02-24 06:00:00,12124
2015-02-24 09:00:00,12704
2015-02-24 12:00:00,10294
2015-02-24 15:00:00,6185
2015-02-24 18:00:00,14591
2015-02-24 21:00:00,10294
2015-02-25 00:00:00,10294
2015-02-25 03:00:00,8933
2015-02-25 06:00:00,12258
2015-02-25 09:00:00,13364
2015-02-25 12:00:00,13364
2015-02-25 15:00:00,13535
2015-02-25 18:00:00,9578
2015-02-25 21:00:00,9578
2015-02-26 00:00:00,12894
2015-02-26 03:00:00,2664
2015-02-26 06:00:00,8933
2015-02-26 09:00:00,8933
2015-02-26 12:00:00,8933
2015-02-26 15:00:00,10727
2015-02-26 18:00:00,10727
2015-02-26 21:00:00,11310
2015-02-27 00:00:00,14014
2015-02-27 03:00:00,12124
2015-02-27 06:00:00,10351
2015-02-27 09:00:00,13462
2015-02-27 12:00:00,8043
2015-02-27 15:00:00,11322
2015-02-27 18:00:00,18205
2015-02-27 21:00:00,8933
2015-02-28 00:00:00,10482
2015-02-28 03:00:00,8206
2015-02-28 06:00:00,12993
2015-02-28 09:00:00,13746
2015-02-28 12:00:00,15708
2015-02-28 15:00:00,12306
2015-02-28 18:00:00,14980
2015-02-28 21:00:00,11524
2015-03-01 00:00:00,11524
2015-03-01 03:00:00,9820
2015-03-01 06:00:00,11492
2015-03-01 09:00:00,12689
2015-03-01 12:00:00,17683
2015-03-01 15:00:00,7504
2015-03-01 18:00:00,9198
2015-03-01 21:00:00,6367
2015-03-02 00:00:00,9198
2015-03-02 03:00:00,9198
2015-03-02 06:00:00,8721
2015-03-02 09:00:00,15997
2015-03-02 12:00:00,6715
2015-03-02 15:00:00,15197
2015-03-02 18:00:00,5423
2015-03-02 21:00:00,15939
2015-03-03 00:00:00,14342
2015-03-03 03:00:00,9064
2015-03-03 06:00:00,9221
2015-03-03 09:00:00,6367
2015-03-03 12:00:00,17683
2015-03-03 15:00:00,11065
2015-03-03 18:00:00,13608
2015-03-03 21:00:00,16399
2015-03-04 00:00:00,7173
2015-03-04 03:00:00,11135
2015-03-04 06:00:00,7782
2015-03-04 09:00:00,9221
2015-03-04 12:00:00,4889
2015-03-04 15:00:00,13466
2015-03-04 18:00:00,10641
2015-03-04 21:00:00,7525
2015-03-05 00:00:00,11915
2015-03-05 03:00:00,13364
2015-03-05 06:00:00,8861
2015-03-05 09:00:00,15197
2015-03-05 12:00:00,8732
2015-03-05 15:00:00,16387
2015-03-05 18:00:00,10477
2015-03-05 21:00:00,12006
2015-03-06 00:00:00,15997
2015-03-06 03:00:00,15964
2015-03-06 06:00:00,7782
2015-03-06 09:00:00,15934
2015-03-06 12:00:00,10285
2015-03-06 15:00:00,15668
2015-03-06 18:00:00,10699
2015-03-06 21:00:00,13317
2015-03-07 00:00:00,10289
2015-03-07 03:00:00,4557
2015-03-07 06:00:00,10058
2015-03-07 09:00:00,11891
2015-03-07 12:00:00,12894
2015-03-07 15:00:00,13630
2015-03-07 18:00:00,10482
2015-03-07 21:00:00,11310
2015-03-08 00:00:00,11310
2015-03-08 03:00:00,13364
2015-03-08 06:00:00,14446
2015-03-08 09:00:00,20373
2015-03-08 12:00:00,20373
2015-03-08 15:00:00,11942
2015-03-08 18:00:00,15720
2015-03-08 21:00:00,13005
2015-03-09 00:00:00,11454
2015-03-09 03:00:00,10824
2015-03-09 06:00:00,10824
2015-03-09 09:00:00,9356
2015-03-09 12:00:00,18647
2015-03-09 15:00:00,16677
2015-03-09 18:00:00,9198
2015-03-09 21:00:00,-849
2015-03-10 00:00:00,4247
2015-03-10 03:00:00,10909
2015-03-10 06:00:00,4889
2015-03-10 09:00:00,-65
2015-03-10 12:00:00,14089
2015-03-10 15:00:00,-211
2015-03-10 18:00:00,8991
2015-03-10 21:00:00,3702
2015-03-11 00:00:00,12105
2015-03-11 03:00:00,22309
2015-03-11 06:00:00,9609
2015-03-11 09:00:00,14108
2015-03-11 12:00:00,10292
2015-03-11 15:00:00,13579
2015-03-11 18:00:00,7390
2015-03-11 21:00:00,11657
2015-03-12 00:00:00,7918
2015-03-12 03:00:00,5182
2015-03-12 06:00:00,5938
2015-03-12 09:00:00,15878
2015-03-12 12:00:00,14320
2015-03-12 15:00:00,15848
2015-03-12 18:00:00,13364
2015-03-12 21:00:00,15848
2015-03-13 00:00:00,10755
2015-03-13 03:00:00,12431
2015-03-13 06:00:00,13508
2015-03-13 09:00:00,13508
2015-03-13 12:00:00,6941
2015-03-13 15:00:00,12194
2015-03-13 18:00:00,11755
2015-03-13 21:00:00,11891
2015-03-14 00:00:00,18108
2015-03-14 03:00:00,10824
2015-03-14 06:00:00,3355
2015-03-14 09:00:00,13463
2015-03-14 12:00:00,5140
2015-03-14 15:00:00,9578
2015-03-14 18:00:00,12435
2015-03-14 21:00:00,5423
2015-03-15 00:00:00,9064
2015-03-15 03:00:00,5409
2015-03-15 06:00:00,12105
2015-03-15 09:00:00,14543
2015-03-15 12:00:00,6367
2015-03-15 15:00:00,7705
2015-03-15 18:00:00,16387
2015-03-15 21:00:00,16387
2015-03-16 00:00:00,9574
2015-03-16 03:00:00,15146
2015-03-16 06:00:00,5409
2015-03-16 09:00:00,10771
2015-03-16 12:00:00,12444
2015-03-16 15:00:00,15190
2015-03-16 18:00:00,15229
2015-03-16 21:00:00,15848
2015-03-17 00:00:00,3955
2015-03-17 03:00:00,12431
2015-03-17 06:00:00,5409
2015-03-17 09:00:00,10934
2015-03-17 12:00:00,13364
2015-03-17 15:00:00,10755
2015-03-17 18:00:00,14612
2015-03-17 21:00:00,10478
2015-03-18 00:00:00,4889
2015-03-18 03:00:00,-4077
2015-03-18 06:00:00,14784
2015-03-18 09:00:00,9012
2015-03-18 12:00:00,9287
2015-03-18 15:00:00,132
2015-03-18 18:00:00,2991
2015-03-18 21:00:00,9287
2015-03-19 00:00:00,15591
2015-03-19 03:00:00,2312
2015-03-19 06:00:00,6528
2015-03-19 09:00:00,12419
2015-03-19 12:00:00,7575
2015-03-19 15:00:00,15688
2015-03-19 18:00:00,10699
2015-03-19 21:00:00,10699
2015-03-20 00:00:00,10771
2015-03-20 03:00:00,17081
2015-03-20 06:00:00,5409
2015-03-20 09:00:00,10690
2015-03-20 12:00:00,3795
2015-03-20 15:00:00,4413
2015-03-20 18:00:00,-806
2015-03-20 21:00:00,6715
2015-03-21 00:00:00,2602
2015-03-21 03:00:00,8953
2015-03-21 06:00:00,10943
2015-03-21 09:00:00,12831
2015-03-21 12:00:00,13364
2015-03-21 15:00:00,14774
2015-03-21 18:00:00,5120
2015-03-21 21:00:00,11622
2015-03-22 00:00:00,12124
2015-03-22 03:00:00,12124
2015-03-22 06:00:00,12124
2015-03-22 09:00:00,10497
2015-03-22 12:00:00,15270
2015-03-22 15:00:00,12529
2015-03-22 18:00:00,14435
2015-03-22 21:00:00,14435
2015-03-23 00:00:00,12124
2015-03-23 03:00:00,12124
2015-03-23 06:00:00,12124
2015-03-23 09:00:00,14523
2015-03-23 12:00:00,15688
2015-03-23 15:00:00,11622
2015-03-23 18:00:00,14435
2015-03-23 21:00:00,10978
2015-03-24 00:00:00,13595
2015-03-24 03:00:00,10620
2015-03-24 06:00:00,3666
2015-03-24 09:00:00,1477
2015-03-24 12:00:00,11819
2015-03-24 15:00:00,6012
2015-03-24 18:00:00,11585
2015-03-24 21:00:00,16703
2015-03-25 00:00:00,-328
2015-03-25 03:00:00,-328
2015-03-25 06:00:00,4625
2015-03-25 09:00:00,-1296
2015-03-25 12:00:00,5496
2015-03-25 15:00:00,13061
2015-03-25 18:00:00,10470
2015-03-25 21:00:00,9287
2015-03-26 00:00:00,16276
2015-03-26 03:00:00,10414
2015-03-26 06:00:00,10470
2015-03-26 09:00:00,14108
2015-03-26 12:00:00,10133
2015-03-26 15:00:00,8899
2015-03-26 18:00:00,8899
2015-03-26 21:00:00,12484
2015-03-27 00:00:00,12766
2015-03-27 03:00:00,10359
2015-03-27 06:00:00,12124
2015-03-27 09:00:00,11556
2015-03-27 12:00:00,9759
2015-03-27 15:00:00,2683
2015-03-27 18:00:00,5783
2015-03-27 21:00:00,10978
2015-03-28 00:00:00,4698
2015-03-28 03:00:00,15270
2015-03-28 06:00:00,8784
2015-03-28 09:00:00,12124
2015-03-28 12:00:00,13364
2015-03-28 15:00:00,13364
2015-03-28 18:00:00,10025
2015-03-28 21:00:00,7053
2015-03-29 00:00:00,13435
2015-03-29 03:00:00,15270
2015-03-29 06:00:00,8784
2015-03-29 09:00:00,6316
2015-03-29 12:00:00,9955
2015-03-29 15:00:00,12286
2015-03-29 18:00:00,5783
2015-03-29 21:00:00,14609
2015-03-30 00:00:00,12421
2015-03-30 03:00:00,13508
2015-03-30 06:00:00,13508
2015-03-30 09:00:00,14446
2015-03-30 12:00:00,13364
2015-03-30 15:00:00,7575
2015-03-30 18:00:00,14609
2015-03-30 21:00:00,16127
2015-03-31 00:00:00,9099
2015-03-31 03:00:00,13364
2015-03-31 06:00:00,13364
2015-03-31 09:00:00,7973
2015-03-31 12:00:00,14549
2015-03-31 15:00:00,11872
2015-03-31 18:00:00,7598
2015-03-31 21:00:00,234
2015-04-01 00:00:00,14727
2015-04-01 03:00:00,14320
2015-04-01 06:00:00,7107
2015-04-01 09:00:00,8784
2015-04-01 12:00:00,10497
2015-04-01 15:00:00,11622
2015-04-01 18:00:00,11642
2015-04-01 21:00:00,16617
2015-04-02 00:00:00,15688
2015-04-02 03:00:00,13463
2015-04-02 06:00:00,15068
2015-04-02 09:00:00,15068
2015-04-02 12:00:00,11341
2015-04-02 15:00:00,15688
2015-04-02 18:00:00,15688
2015-04-02 21:00:00,15688
2015-04-03 00:00:00,15688
2015-04-03 03:00:00,5140
2015-04-03 06:00:00,13364
2015-04-03 09:00:00,13364
2015-04-03 12:00:00,13775
2015-04-03 15:00:00,15468
2015-04-03 18:00:00,2454
2015-04-03 21:00:00,14007
2015-04-04 00:00:00,14612
2015-04-04 03:00:00,7832
2015-04-04 06:00:00,9941
2015-04-04 09:00:00,2312
2015-04-04 12:00:00,10934
2015-04-04 15:00:00,13364
2015-04-04 18:00:00,1310
2015-04-04 21:00:00,8861
2015-04-05 00:00:00,15848
2015-04-05 03:00:00,1203
2015-04-05 06:00:00,14866
2015-04-05 09:00:00,18981
2015-04-05 12:00:00,6094
2015-04-05 15:00:00,7641
2015-04-05 18:00:00,10978
2015-04-05 21:00:00,13854
2015-04-06 00:00:00,9139
2015-04-06 03:00:00,10497
2015-04-06 06:00:00,10927
2015-04-06 09:00:00,15068
2015-04-06 12:00:00,11341
2015-04-06 15:00:00,9683
2015-04-06 18:00:00,9683
2015-04-06 21:00:00,9683
2015-04-07 00:00:00,15688
2015-04-07 03:00:00,10447
2015-04-07 06:00:00,14366
2015-04-07 09:00:00,15964
2015-04-07 12:00:00,15997
2015-04-07 15:00:00,15006
2015-04-07 18:00:00,7768
2015-04-07 21:00:00,6012
2015-04-08 00:00:00,7045
2015-04-08 03:00:00,4993
2015-04-08 06:00:00,4371
2015-04-08 09:00:00,2602
2015-04-08 12:00:00,14110
2015-04-08 15:00:00,8332
2015-04-08 18:00:00,10017
2015-04-08 21:00:00,9569
2015-04-09 00:00:00,15443
2015-04-09 03:00:00,9572
2015-04-09 06:00:00,6014
2015-04-09 09:00:00,16134
2015-04-09 12:00:00,6979
2015-04-09 15:00:00,9012
2015-04-09 18:00:00,15997
2015-04-09 21:00:00,-806
2015-04-10 00:00:00,10478
2015-04-10 03:00:00,920
2015-04-10 06:00:00,8953
2015-04-10 09:00:00,2227
2015-04-10 12:00:00,11872
2015-04-10 15:00:00,11691
2015-04-10 18:00:00,6334
2015-04-10 21:00:00,11819
2015-04-11 00:00:00,4371
2015-04-11 03:00:00,10056
2015-04-11 06:00:00,7484
2015-04-11 09:00:00,12169
2015-04-11 12:00:00,8140
2015-04-11 15:00:00,12679
2015-04-11 18:00:00,11108
2015-04-11 21:00:00,19375
2015-04-12 00:00:00,8174
2015-04-12 03:00:00,13926
2015-04-12 06:00:00,10966
2015-04-12 09:00:00,10966
2015-04-12 12:00:00,4625
2015-04-12 15:00:00,234
2015-04-12 18:00:00,12377
2015-04-12 21:00:00,12444
2015-04-13 00:00:00,4508
2015-04-13 03:00:00,12643
2015-04-13 06:00:00,20373
2015-04-13 09:00:00,5409
2015-04-13 12:00:00,4910
2015-04-13 15:00:00,11657
2015-04-13 18:00:00,11915
2015-04-13 21:00:00,10815
2015-04-14 00:00:00,7705
2015-04-14 03:00:00,10414
2015-04-14 06:00:00,11524
2015-04-14 09:00:00,7985
2015-04-14 12:00:00,4632
2015-04-14 15:00:00,10304
2015-04-14 18:00:00,10304
2015-04-14 21:00:00,4551
2015-04-15 00:00:00,6752
2015-04-15 03:00:00,8395
2015-04-15 06:00:00,-395
2015-04-15 09:00:00,13364
2015-04-15 12:00:00,13363
2015-04-15 15:00:00,13424
2015-04-15 18:00:00,10955
2015-04-15 21:00:00,11647
2015-04-16 00:00:00,14929
2015-04-16 03:00:00,12716
2015-04-16 06:00:00,7714
2015-04-16 09:00:00,2296
2015-04-16 12:00:00,7782
2015-04-16 15:00:00,2245
2015-04-16 18:00:00,11022
2015-04-16 21:00:00,2683
2015-04-17 00:00:00,14014
2015-04-17 03:00:00,15857
2015-04-17 06:00:00,12716
2015-04-17 09:00:00,11840
2015-04-17 12:00:00,15688
2015-04-17 15:00:00,8574
2015-04-17 18:00:00,7610
2015-04-17 21:00:00,7610
2015-04-18 00:00:00,15688
2015-04-18 03:00:00,13463
2015-04-18 06:00:00,10927
2015-04-18 09:00:00,14523
2015-04-18 12:00:00,15688
2015-04-18 15:00:00,15688
2015-04-18 18:00:00,7610
2015-04-18 21:00:00,7610
2015-04-19 00:00:00,15688
2015-04-19 03:00:00,13463
2015-04-19 06:00:00,9011
2015-04-19 09:00:00,9011
2015-04-19 12:00:00,15688
2015-04-19 15:00:00,15688
2015-04-19 18:00:00,9683
2015-04-19 21:00:00,9683
2015-04-20 00:00:00,15688
2015-04-20 03:00:00,10214
2015-04-20 06:00:00,10214
2015-04-20 09:00:00,10214
2015-04-20 12:00:00,11341
2015-04-20 15:00:00,13364
2015-04-20 18:00:00,13364
2015-04-20 21:00:00,13950
2015-04-21 00:00:00,13364
2015-04-21 03:00:00,8115
2015-04-21 06:00:00,13364
2015-04-21 09:00:00,13364
2015-04-21 12:00:00,15688
2015-04-21 15:00:00,13364
2015-04-21 18:00:00,9683
2015-04-21 21:00:00,9683
2015-04-22 00:00:00,13364
2015-04-22 03:00:00,19216
2015-04-22 06:00:00,7674
2015-04-22 09:00:00,7674
2015-04-22 12:00:00,18769
2015-04-22 15:00:00,20755
2015-04-22 18:00:00,10469
2015-04-22 21:00:00,9578
2015-04-23 00:00:00,9578
2015-04-23 03:00:00,5140
2015-04-23 06:00:00,15705
2015-04-23 09:00:00,17493
2015-04-23 12:00:00,4144
2015-04-23 15:00:00,16029
2015-04-23 18:00:00,17148
2015-04-23 21:00:00,12383
2015-04-24 00:00:00,15463
2015-04-24 03:00:00,18355
2015-04-24 06:00:00,13903
2015-04-24 09:00:00,13903
2015-04-24 12:00:00,10351
2015-04-24 15:00:00,13364
2015-04-24 18:00:00,11310
2015-04-24 21:00:00,3512
2015-04-25 00:00:00,755
2015-04-25 03:00:00,10426
2015-04-25 06:00:00,14633
2015-04-25 09:00:00,14597
2015-04-25 12:00:00,13364
2015-04-25 15:00:00,15463
2015-04-25 18:00:00,5122
2015-04-25 21:00:00,12914
2015-04-26 00:00:00,13982
2015-04-26 03:00:00,9759
2015-04-26 06:00:00,9860
2015-04-26 09:00:00,13504
2015-04-26 12:00:00,13982
2015-04-26 15:00:00,21262
2015-04-26 18:00:00,5695
2015-04-26 21:00:00,4078
2015-04-27 00:00:00,11265
2015-04-27 03:00:00,12716
2015-04-27 06:00:00,12716
2015-04-27 09:00:00,15918
2015-04-27 12:00:00,8933
2015-04-27 15:00:00,11034
2015-04-27 18:00:00,13629
2015-04-27 21:00:00,8008
2015-04-28 00:00:00,13379
2015-04-28 03:00:00,12716
2015-04-28 06:00:00,12716
2015-04-28 09:00:00,13364
2015-04-28 12:00:00,12544
2015-04-28 15:00:00,9292
2015-04-28 18:00:00,4966
2015-04-28 21:00:00,6401
2015-04-29 00:00:00,13364
2015-04-29 03:00:00,13364
2015-04-29 06:00:00,-1538
2015-04-29 09:00:00,12919
2015-04-29 12:00:00,13364
2015-04-29 15:00:00,16501
2015-04-29 18:00:00,15439
2015-04-29 21:00:00,10478
2015-04-30 00:00:00,1610
2015-04-30 03:00:00,6089
2015-04-30 06:00:00,20450
2015-04-30 09:00:00,12402
2015-04-30 12:00:00,12666
2015-04-30 15:00:00,1542
2015-04-30 18:00:00,9086
2015-04-30 21:00:00,11346
2015-05-01 00:00:00,2683
2015-05-01 03:00:00,13926
2015-05-01 06:00:00,6768
2015-05-01 09:00:00,10943
2015-05-01 12:00:00,18014
2015-05-01 15:00:00,10943
2015-05-01 18:00:00,10978
2015-05-01 21:00:00,4413
2015-05-02 00:00:00,11065
2015-05-02 03:00:00,15197
2015-05-02 06:00:00,3801
2015-05-02 09:00:00,14938
2015-05-02 12:00:00,16059
2015-05-02 15:00:00,14133
2015-05-02 18:00:00,16617
2015-05-02 21:00:00,16617
2015-05-03 00:00:00,8933
2015-05-03 03:00:00,15270
2015-05-03 06:00:00,16741
2015-05-03 09:00:00,12041
2015-05-03 12:00:00,10966
2015-05-03 15:00:00,1542
2015-05-03 18:00:00,-579
2015-05-03 21:00:00,-579
2015-05-04 00:00:00,16159
2015-05-04 03:00:00,11620
2015-05-04 06:00:00,10966
2015-05-04 09:00:00,14867
2015-05-04 12:00:00,13364
2015-05-04 15:00:00,10424
2015-05-04 18:00:00,15270
2015-05-04 21:00:00,3512
2015-05-05 00:00:00,12716
2015-05-05 03:00:00,12716
2015-05-05 06:00:00,12716
2015-05-05 09:00:00,15858
2015-05-05 12:00:00,10953
2015-05-05 15:00:00,16059
2015-05-05 18:00:00,15688
2015-05-05 21:00:00,7395
2015-05-06 00:00:00,7395
2015-05-06 03:00:00,15101
2015-05-06 06:00:00,14523
2015-05-06 09:00:00,9011
2015-05-06 12:00:00,11341
2015-05-06 15:00:00,13364
2015-05-06 18:00:00,13364
2015-05-06 21:00:00,13364
2015-05-07 00:00:00,9654
2015-05-07 03:00:00,14489
2015-05-07 06:00:00,7485
2015-05-07 09:00:00,14619
2015-05-07 12:00:00,9457
2015-05-07 15:00:00,8226
2015-05-07 18:00:00,10402
2015-05-07 21:00:00,10402
2015-05-08 00:00:00,8349
2015-05-08 03:00:00,12837
2015-05-08 06:00:00,13364
2015-05-08 09:00:00,10947
2015-05-08 12:00:00,5938
2015-05-08 15:00:00,13464
2015-05-08 18:00:00,10920
2015-05-08 21:00:00,6752
2015-05-09 00:00:00,15086
2015-05-09 03:00:00,9759
2015-05-09 06:00:00,12299
2015-05-09 09:00:00,1610
2015-05-09 12:00:00,5762
2015-05-09 15:00:00,10920
2015-05-09 18:00:00,5356
2015-05-09 21:00:00,5112
2015-05-10 00:00:00,11322
2015-05-10 03:00:00,11265
2015-05-10 06:00:00,8043
2015-05-10 09:00:00,16134
2015-05-10 12:00:00,13288
2015-05-10 15:00:00,9848
2015-05-10 18:00:00,13926
2015-05-10 21:00:00,10690
2015-05-11 00:00:00,16457
2015-05-11 03:00:00,12716
2015-05-11 06:00:00,13364
2015-05-11 09:00:00,13364
2015-05-11 12:00:00,13364
2015-05-11 15:00:00,13364
2015-05-11 18:00:00,8574
2015-05-11 21:00:00,9865
2015-05-12 00:00:00,5140
2015-05-12 03:00:00,13775
2015-05-12 06:00:00,13775
2015-05-12 09:00:00,13364
2015-05-12 12:00:00,13364
2015-05-12 15:00:00,13115
2015-05-12 18:00:00,13424
2015-05-12 21:00:00,4736
2015-05-13 00:00:00,-152
2015-05-13 03:00:00,13857
2015-05-13 06:00:00,15405
2015-05-13 09:00:00,14160
2015-05-13 12:00:00,6053
2015-05-13 15:00:00,13316
2015-05-13 18:00:00,6053
2015-05-13 21:00:00,15272
2015-05-14 00:00:00,7847
2015-05-14 03:00:00,7847
2015-05-14 06:00:00,6108
2015-05-14 09:00:00,9598
2015-05-14 12:00:00,9168
2015-05-14 15:00:00,6362
2015-05-14 18:00:00,12377
2015-05-14 21:00:00,15687
2015-05-15 00:00:00,7847
2015-05-15 03:00:00,16379
2015-05-15 06:00:00,10858
2015-05-15 09:00:00,13364
2015-05-15 12:00:00,13364
2015-05-15 15:00:00,13364
2015-05-15 18:00:00,13364
2015-05-15 21:00:00,13364
2015-05-16 00:00:00,10497
2015-05-16 03:00:00,8784
2015-05-16 06:00:00,13139
2015-05-16 09:00:00,4368
2015-05-16 12:00:00,13364
2015-05-16 15:00:00,13364
2015-05-16 18:00:00,13364
2015-05-16 21:00:00,9292
2015-05-17 00:00:00,10424
2015-05-17 03:00:00,12124
2015-05-17 06:00:00,14635
2015-05-17 09:00:00,6108
2015-05-17 12:00:00,13364
2015-05-17 15:00:00,13364
2015-05-17 18:00:00,13364
2015-05-17 21:00:00,13364
2015-05-18 00:00:00,13364
2015-05-18 03:00:00,12419
2015-05-18 06:00:00,14635
2015-05-18 09:00:00,14585
2015-05-18 12:00:00,17945
2015-05-18 15:00:00,17945
2015-05-18 18:00:00,13364
2015-05-18 21:00:00,9853
2015-05-19 00:00:00,6848
2015-05-19 03:00:00,18355
2015-05-19 06:00:00,12102
2015-05-19 09:00:00,5762
2015-05-19 12:00:00,8351
2015-05-19 15:00:00,8033
2015-05-19 18:00:00,11762
2015-05-19 21:00:00,12914
2015-05-20 00:00:00,13162
2015-05-20 03:00:00,13334
2015-05-20 06:00:00,20661
2015-05-20 09:00:00,4345
2015-05-20 12:00:00,15197
2015-05-20 15:00:00,15706
2015-05-20 18:00:00,8043
2015-05-20 21:00:00,10403
2015-05-21 00:00:00,6632
2015-05-21 03:00:00,14489
2015-05-21 06:00:00,8043
2015-05-21 09:00:00,12768
2015-05-21 12:00:00,13364
2015-05-21 15:00:00,13364
2015-05-21 18:00:00,13432
2015-05-21 21:00:00,13432
2015-05-22 00:00:00,7632
2015-05-22 03:00:00,15964
2015-05-22 06:00:00,4144
2015-05-22 09:00:00,6188
2015-05-22 12:00:00,1577
2015-05-22 15:00:00,10771
2015-05-22 18:00:00,8194
2015-05-22 21:00:00,8194
2015-05-23 00:00:00,5029
2015-05-23 03:00:00,9574
2015-05-23 06:00:00,10477
2015-05-23 09:00:00,10947
2015-05-23 12:00:00,13463
2015-05-23 15:00:00,9683
2015-05-23 18:00:00,14449
2015-05-23 21:00:00,10653
2015-05-24 00:00:00,14970
2015-05-24 03:00:00,7883
2015-05-24 06:00:00,13598
2015-05-24 09:00:00,10447
2015-05-24 12:00:00,10447
2015-05-24 15:00:00,13364
2015-05-24 18:00:00,6012
2015-05-24 21:00:00,4345
2015-05-25 00:00:00,11056
2015-05-25 03:00:00,14108
2015-05-25 06:00:00,14866
2015-05-25 09:00:00,12402
2015-05-25 12:00:00,14366
2015-05-25 15:00:00,10771
2015-05-25 18:00:00,-3038
2015-05-25 21:00:00,-2367
2015-05-26 00:00:00,1610
2015-05-26 03:00:00,828
2015-05-26 06:00:00,13364
2015-05-26 09:00:00,14108
2015-05-26 12:00:00,8858
2015-05-26 15:00:00,9474
2015-05-26 18:00:00,15533
2015-05-26 21:00:00,15202
2015-05-27 00:00:00,2350
2015-05-27 03:00:00,8624
2015-05-27 06:00:00,4144
2015-05-27 09:00:00,13364
2015-05-27 12:00:00,13364
2015-05-27 15:00:00,12336
2015-05-27 18:00:00,12914
2015-05-27 21:00:00,12914
2015-05-28 00:00:00,8624
2015-05-28 03:00:00,12716
2015-05-28 06:00:00,12716
2015-05-28 09:00:00,9791
2015-05-28 12:00:00,17945
2015-05-28 15:00:00,2248
2015-05-28 18:00:00,12689
2015-05-28 21:00:00,-328
2015-05-29 00:00:00,6582
2015-05-29 03:00:00,11022
2015-05-29 06:00:00,8959
2015-05-29 09:00:00,7895
2015-05-29 12:00:00,10478
2015-05-29 15:00:00,13022
2015-05-29 18:00:00,13022
2015-05-29 21:00:00,11886
2015-05-30 00:00:00,8836
2015-05-30 03:00:00,15836
2015-05-30 06:00:00,-2367
2015-05-30 09:00:00,7725
2015-05-30 12:00:00,15443
2015-05-30 15:00:00,16283
2015-05-30 18:00:00,12714
2015-05-30 21:00:00,15230
2015-05-31 00:00:00,12299
2015-05-31 03:00:00,11282
2015-05-31 06:00:00,13326
2015-05-31 09:00:00,13328
2015-05-31 12:00:00,7102
2015-05-31 15:00:00,10379
2015-05-31 18:00:00,-579
2015-05-31 21:00:00,10379
2015-06-01 00:00:00,20478
2015-06-01 03:00:00,13508
2015-06-01 06:00:00,12419
2015-06-01 09:00:00,17246
2015-06-01 12:00:00,13364
2015-06-01 15:00:00,13364
2015-06-01 18:00:00,8572
2015-06-01 21:00:00,13022
2015-06-02 00:00:00,16501
2015-06-02 03:00:00,11075
2015-06-02 06:00:00,16741
2015-06-02 09:00:00,13968
2015-06-02 12:00:00,11731
2015-06-02 15:00:00,11554
2015-06-02 18:00:00,11328
2015-06-02 21:00:00,10048
2015-06-03 00:00:00,4993
2015-06-03 03:00:00,14866
2015-06-03 06:00:00,14866
2015-06-03 09:00:00,9457
2015-06-03 12:00:00,21734
2015-06-03 15:00:00,13022
2015-06-03 18:00:00,11641
2015-06-03 21:00:00,9958
2015-06-04 00:00:00,12647
2015-06-04 03:00:00,14082
2015-06-04 06:00:00,14891
2015-06-04 09:00:00,11731
2015-06-04 12:00:00,15443
2015-06-04 15:00:00,13610
2015-06-04 18:00:00,9375
2015-06-04 21:00:00,6105
2015-06-05 00:00:00,13364
2015-06-05 03:00:00,13508
2015-06-05 06:00:00,1203
2015-06-05 09:00:00,12419
2015-06-05 12:00:00,11620
2015-06-05 15:00:00,11620
2015-06-05 18:00:00,11620
2015-06-05 21:00:00,12377
2015-06-06 00:00:00,13982
2015-06-06 03:00:00,6014
2015-06-06 06:00:00,9911
2015-06-06 09:00:00,13316
2015-06-06 12:00:00,6014
2015-06-06 15:00:00,6014
2015-06-06 18:00:00,15964
2015-06-06 21:00:00,7895
2015-06-07 00:00:00,10478
2015-06-07 03:00:00,1610
2015-06-07 06:00:00,16134
2015-06-07 09:00:00,14108
2015-06-07 12:00:00,12429
2015-06-07 15:00:00,-1825
2015-06-07 18:00:00,20398
2015-06-07 21:00:00,10653
2015-06-08 00:00:00,10653
2015-06-08 03:00:00,15478
2015-06-08 06:00:00,10159
2015-06-08 09:00:00,13364
2015-06-08 12:00:00,13364
2015-06-08 15:00:00,8933
2015-06-08 18:00:00,13364
2015-06-08 21:00:00,16134
2015-06-09 00:00:00,9382
2015-06-09 03:00:00,11755
2015-06-09 06:00:00,7522
2015-06-09 09:00:00,13924
2015-06-09 12:00:00,15855
2015-06-09 15:00:00,15190
2015-06-09 18:00:00,15190
2015-06-09 21:00:00,16921
2015-06-10 00:00:00,14929
2015-06-10 03:00:00,13364
2015-06-10 06:00:00,10904
2015-06-10 09:00:00,13598
2015-06-10 12:00:00,6848
2015-06-10 15:00:00,13464
2015-06-10 18:00:00,11444
2015-06-10 21:00:00,16921
2015-06-11 00:00:00,5938
2015-06-11 03:00:00,12186
2015-06-11 06:00:00,1203
2015-06-11 09:00:00,18285
2015-06-11 12:00:00,10214
2015-06-11 15:00:00,14082
2015-06-11 18:00:00,13336
2015-06-11 21:00:00,7689
2015-06-12 00:00:00,10943
2015-06-12 03:00:00,12844
2015-06-12 06:00:00,11282
2015-06-12 09:00:00,15525
2015-06-12 12:00:00,14320
2015-06-12 15:00:00,6997
2015-06-12 18:00:00,16159
2015-06-12 21:00:00,12444
2015-06-13 00:00:00,9598
2015-06-13 03:00:00,12419
2015-06-13 06:00:00,14866
2015-06-13 09:00:00,14866
2015-06-13 12:00:00,8400
2015-06-13 15:00:00,15270
2015-06-13 18:00:00,6848
2015-06-13 21:00:00,15270
2015-06-14 00:00:00,15270
2015-06-14 03:00:00,2244
2015-06-14 06:00:00,2244
2015-06-14 09:00:00,15498
2015-06-14 12:00:00,13334
2015-06-14 15:00:00,13364
2015-06-14 18:00:00,755
2015-06-14 21:00:00,3750
2015-06-15 00:00:00,15270
2015-06-15 03:00:00,13903
2015-06-15 06:00:00,15545
2015-06-15 09:00:00,10214
2015-06-15 12:00:00,10214
2015-06-15 15:00:00,11341
2015-06-15 18:00:00,13364
2015-06-15 21:00:00,10294
2015-06-16 00:00:00,13903
2015-06-16 03:00:00,18670
2015-06-16 06:00:00,14635
2015-06-16 09:00:00,14635
2015-06-16 12:00:00,18684
2015-06-16 15:00:00,11838
2015-06-16 18:00:00,8899
2015-06-16 21:00:00,12234
2015-06-17 00:00:00,15463
2015-06-17 03:00:00,12704
2015-06-17 06:00:00,10481
2015-06-17 09:00:00,10214
2015-06-17 12:00:00,12704
2015-06-17 15:00:00,13364
2015-06-17 18:00:00,13364
2015-06-17 21:00:00,12153
2015-06-18 00:00:00,12704
2015-06-18 03:00:00,12704
2015-06-18 06:00:00,15545
2015-06-18 09:00:00,10214
2015-06-18 12:00:00,10214
2015-06-18 15:00:00,10214
2015-06-18 18:00:00,13364
2015-06-18 21:00:00,20919
2015-06-19 00:00:00,13903
2015-06-19 03:00:00,6316
2015-06-19 06:00:00,20378
2015-06-19 09:00:00,20378
2015-06-19 12:00:00,12704
2015-06-19 15:00:00,7976
2015-06-19 18:00:00,6034
2015-06-19 21:00:00,15937
2015-06-20 00:00:00,10849
2015-06-20 03:00:00,10575
2015-06-20 06:00:00,14635
2015-06-20 09:00:00,15578
2015-06-20 12:00:00,12704
2015-06-20 15:00:00,10214
2015-06-20 18:00:00,10214
2015-06-20 21:00:00,12558
2015-06-21 00:00:00,15061
2015-06-21 03:00:00,10426
2015-06-21 06:00:00,15545
2015-06-21 09:00:00,13627
2015-06-21 12:00:00,10798
2015-06-21 15:00:00,16451
2015-06-21 18:00:00,13364
2015-06-21 21:00:00,8436
2015-06-22 00:00:00,12716
2015-06-22 03:00:00,18427
2015-06-22 06:00:00,20378
2015-06-22 09:00:00,20378
2015-06-22 12:00:00,12704
2015-06-22 15:00:00,13364
2015-06-22 18:00:00,15183
2015-06-22 21:00:00,15937
2015-06-23 00:00:00,13903
2015-06-23 03:00:00,14635
2015-06-23 06:00:00,20378
2015-06-23 09:00:00,13627
2015-06-23 12:00:00,15545
2015-06-23 15:00:00,13463
2015-06-23 18:00:00,15688
2015-06-23 21:00:00,11056
2015-06-24 00:00:00,14970
2015-06-24 03:00:00,10214
2015-06-24 06:00:00,8026
2015-06-24 09:00:00,9011
2015-06-24 12:00:00,10214
2015-06-24 15:00:00,11341
2015-06-24 18:00:00,11341
2015-06-24 21:00:00,14970
2015-06-25 00:00:00,10214
2015-06-25 03:00:00,10214
2015-06-25 06:00:00,15545
2015-06-25 09:00:00,8026
2015-06-25 12:00:00,13973
2015-06-25 15:00:00,13973
2015-06-25 18:00:00,13775
2015-06-25 21:00:00,14611
2015-06-26 00:00:00,14611
2015-06-26 03:00:00,14611
2015-06-26 06:00:00,15545
2015-06-26 09:00:00,8046
2015-06-26 12:00:00,15569
2015-06-26 15:00:00,13973
2015-06-26 18:00:00,13973
2015-06-26 21:00:00,15688
2015-06-27 00:00:00,5140
2015-06-27 03:00:00,10426
2015-06-27 06:00:00,15545
2015-06-27 09:00:00,16078
2015-06-27 12:00:00,11325
2015-06-27 15:00:00,13364
2015-06-27 18:00:00,11056
2015-06-27 21:00:00,10996
2015-06-28 00:00:00,17621
2015-06-28 03:00:00,10798
2015-06-28 06:00:00,18427
2015-06-28 09:00:00,7680
2015-06-28 12:00:00,15203
2015-06-28 15:00:00,10798
2015-06-28 18:00:00,8033
2015-06-28 21:00:00,9848
2015-06-29 00:00:00,10135
2015-06-29 03:00:00,10798
2015-06-29 06:00:00,10798
2015-06-29 09:00:00,15526
2015-06-29 12:00:00,13364
2015-06-29 15:00:00,17945
2015-06-29 18:00:00,13022
2015-06-29 21:00:00,8033
2015-06-30 00:00:00,14611
2015-06-30 03:00:00,9155
2015-06-30 06:00:00,18341
2015-06-30 09:00:00,15887
2015-06-30 12:00:00,13364
2015-06-30 15:00:00,12488
2015-06-30 18:00:00,11931
2015-06-30 21:00:00,11931
2015-07-01 00:00:00,8089
2015-07-01 03:00:00,8497
2015-07-01 06:00:00,16577
2015-07-01 09:00:00,10239
2015-07-01 12:00:00,13364
2015-07-01 15:00:00,13775
2015-07-01 18:00:00,12095
2015-07-01 21:00:00,9521
2015-07-02 00:00:00,8624
2015-07-02 03:00:00,2758
2015-07-02 06:00:00,12066
2015-07-02 09:00:00,11075
2015-07-02 12:00:00,13364
2015-07-02 15:00:00,7976
2015-07-02 18:00:00,5843
2015-07-02 21:00:00,18423
2015-07-03 00:00:00,5140
2015-07-03 03:00:00,9574
2015-07-03 06:00:00,13627
2015-07-03 09:00:00,11797
2015-07-03 12:00:00,11056
2015-07-03 15:00:00,11056
2015-07-03 18:00:00,13474
2015-07-03 21:00:00,6848
2015-07-04 00:00:00,10135
2015-07-04 03:00:00,18341
2015-07-04 06:00:00,10214
2015-07-04 09:00:00,18497
2015-07-04 12:00:00,11771
2015-07-04 15:00:00,12500
2015-07-04 18:00:00,13344
2015-07-04 21:00:00,3746
2015-07-05 00:00:00,10798
2015-07-05 03:00:00,16474
2015-07-05 06:00:00,15296
2015-07-05 09:00:00,9759
2015-07-05 12:00:00,7680
2015-07-05 15:00:00,8394
2015-07-05 18:00:00,11620
2015-07-05 21:00:00,10539
2015-07-06 00:00:00,15270
2015-07-06 03:00:00,8394
2015-07-06 06:00:00,14585
2015-07-06 09:00:00,14585
2015-07-06 12:00:00,11325
2015-07-06 15:00:00,7766
2015-07-06 18:00:00,14970
2015-07-06 21:00:00,15492
2015-07-07 00:00:00,13903
2015-07-07 03:00:00,10003
2015-07-07 06:00:00,13627
2015-07-07 09:00:00,15545
2015-07-07 12:00:00,10214
2015-07-07 15:00:00,10214
2015-07-07 18:00:00,13364
2015-07-07 21:00:00,4276
2015-07-08 00:00:00,11100
2015-07-08 03:00:00,10214
2015-07-08 06:00:00,13627
2015-07-08 09:00:00,18684
2015-07-08 12:00:00,13876
2015-07-08 15:00:00,14119
2015-07-08 18:00:00,12070
2015-07-08 21:00:00,13344
2015-07-09 00:00:00,11056
2015-07-09 03:00:00,15545
2015-07-09 06:00:00,10934
2015-07-09 09:00:00,13627
2015-07-09 12:00:00,13598
2015-07-09 15:00:00,8679
2015-07-09 18:00:00,9759
2015-07-09 21:00:00,11056
2015-07-10 00:00:00,11056
2015-07-10 03:00:00,15545
2015-07-10 06:00:00,15545
2015-07-10 09:00:00,9940
2015-07-10 12:00:00,18800
2015-07-10 15:00:00,14840
2015-07-10 18:00:00,11056
2015-07-10 21:00:00,15937
2015-07-11 00:00:00,16589
2015-07-11 03:00:00,15545
2015-07-11 06:00:00,15545
2015-07-11 09:00:00,15545
2015-07-11 12:00:00,14431
2015-07-11 15:00:00,13973
2015-07-11 18:00:00,13775
2015-07-11 21:00:00,13288
2015-07-12 00:00:00,12716
2015-07-12 03:00:00,14597
2015-07-12 06:00:00,15545
2015-07-12 09:00:00,11466
2015-07-12 12:00:00,6739
2015-07-12 15:00:00,16160
2015-07-12 18:00:00,13288
2015-07-12 21:00:00,11514
2015-07-13 00:00:00,11514
2015-07-13 03:00:00,9574
2015-07-13 06:00:00,3232
2015-07-13 09:00:00,12281
2015-07-13 12:00:00,13142
2015-07-13 15:00:00,13115
2015-07-13 18:00:00,5140
2015-07-13 21:00:00,17420
2015-07-14 00:00:00,14611
2015-07-14 03:00:00,14414
2015-07-14 06:00:00,14489
2015-07-14 09:00:00,14700
2015-07-14 12:00:00,11466
2015-07-14 15:00:00,17559
2015-07-14 18:00:00,12500
2015-07-14 21:00:00,18423
2015-07-15 00:00:00,14611
2015-07-15 03:00:00,14597
2015-07-15 06:00:00,15545
2015-07-15 09:00:00,7883
2015-07-15 12:00:00,9991
2015-07-15 15:00:00,8933
2015-07-15 18:00:00,13288
2015-07-15 21:00:00,13288
2015-07-16 00:00:00,8624
2015-07-16 03:00:00,14597
2015-07-16 06:00:00,15545
2015-07-16 09:00:00,16355
2015-07-16 12:00:00,9759
2015-07-16 15:00:00,12439
2015-07-16 18:00:00,18355
2015-07-16 21:00:00,18355
2015-07-17 00:00:00,10947
2015-07-17 03:00:00,12429
2015-07-17 06:00:00,10135
2015-07-17 09:00:00,7845
2015-07-17 12:00:00,15545
2015-07-17 15:00:00,14183
2015-07-17 18:00:00,15688
2015-07-17 21:00:00,8613
2015-07-18 00:00:00,15400
2015-07-18 03:00:00,15545
2015-07-18 06:00:00,15545
2015-07-18 09:00:00,15578
2015-07-18 12:00:00,16972
2015-07-18 15:00:00,9991
2015-07-18 18:00:00,10798
2015-07-18 21:00:00,13364
2015-07-19 00:00:00,8933
2015-07-19 03:00:00,15545
2015-07-19 06:00:00,15545
2015-07-19 09:00:00,15545
2015-07-19 12:00:00,7144
2015-07-19 15:00:00,9991
2015-07-19 18:00:00,12532
2015-07-19 21:00:00,11605
2015-07-20 00:00:00,15918
2015-07-20 03:00:00,10003
2015-07-20 06:00:00,15545
2015-07-20 09:00:00,8307
2015-07-20 12:00:00,11771
2015-07-20 15:00:00,9759
2015-07-20 18:00:00,11838
2015-07-20 21:00:00,13344
2015-07-21 00:00:00,11771
2015-07-21 03:00:00,12704
2015-07-21 06:00:00,10983
2015-07-21 09:00:00,14585
2015-07-21 12:00:00,11325
2015-07-21 15:00:00,10849
2015-07-21 18:00:00,13022
2015-07-21 21:00:00,13022
2015-07-22 00:00:00,17078
2015-07-22 03:00:00,14613
2015-07-22 06:00:00,10214
2015-07-22 09:00:00,10214
2015-07-22 12:00:00,13476
2015-07-22 15:00:00,13364
2015-07-22 18:00:00,11763
2015-07-22 21:00:00,13995
2015-07-23 00:00:00,6401
2015-07-23 03:00:00,11325
2015-07-23 06:00:00,13737
2015-07-23 09:00:00,15153
2015-07-23 12:00:00,10947
2015-07-23 15:00:00,7133
2015-07-23 18:00:00,13100
2015-07-23 21:00:00,13073
2015-07-24 00:00:00,13718
2015-07-24 03:00:00,10214
2015-07-24 06:00:00,15545
2015-07-24 09:00:00,14995
2015-07-24 12:00:00,14840
2015-07-24 15:00:00,13973
2015-07-24 18:00:00,11850
2015-07-24 21:00:00,11060
2015-07-25 00:00:00,13491
2015-07-25 03:00:00,10003
2015-07-25 06:00:00,15545
2015-07-25 09:00:00,15526
2015-07-25 12:00:00,11771
2015-07-25 15:00:00,8018
2015-07-25 18:00:00,15918
2015-07-25 21:00:00,3746
2015-07-26 00:00:00,10798
2015-07-26 03:00:00,10798
2015-07-26 06:00:00,15545
2015-07-26 09:00:00,18427
2015-07-26 12:00:00,11771
2015-07-26 15:00:00,8933
2015-07-26 18:00:00,13973
2015-07-26 21:00:00,13288
2015-07-27 00:00:00,12716
2015-07-27 03:00:00,13491
2015-07-27 06:00:00,16078
2015-07-27 09:00:00,16078
2015-07-27 12:00:00,11771
2015-07-27 15:00:00,15203
2015-07-27 18:00:00,15918
2015-07-27 21:00:00,3746
2015-07-28 00:00:00,8933
2015-07-28 03:00:00,10003
2015-07-28 06:00:00,15545
2015-07-28 09:00:00,10575
2015-07-28 12:00:00,7883
2015-07-28 15:00:00,9722
2015-07-28 18:00:00,12599
2015-07-28 21:00:00,3746
2015-07-29 00:00:00,10798
2015-07-29 03:00:00,18427
2015-07-29 06:00:00,15545
2015-07-29 09:00:00,20378
2015-07-29 12:00:00,11771
2015-07-29 15:00:00,11771
2015-07-29 18:00:00,12532
2015-07-29 21:00:00,15918
2015-07-30 00:00:00,10798
2015-07-30 03:00:00,10798
2015-07-30 06:00:00,20378
2015-07-30 09:00:00,18427
2015-07-30 12:00:00,11771
2015-07-30 15:00:00,13973
2015-07-30 18:00:00,4638
2015-07-30 21:00:00,8933
2015-07-31 00:00:00,12532
2015-07-31 03:00:00,10214
2015-07-31 06:00:00,15545
2015-07-31 09:00:00,10214
2015-07-31 12:00:00,15524
2015-07-31 15:00:00,13973
2015-07-31 18:00:00,13115
2015-07-31 21:00:00,12070
2015-08-01 00:00:00,13344
2015-08-01 03:00:00,18427
2015-08-01 06:00:00,17026
2015-08-01 09:00:00,17026
2015-08-01 12:00:00,16972
2015-08-01 15:00:00,9722
2015-08-01 18:00:00,11838
2015-08-01 21:00:00,17052
2015-08-02 00:00:00,8307
2015-08-02 03:00:00,15578
2015-08-02 06:00:00,20378
2015-08-02 09:00:00,18157
2015-08-02 12:00:00,15578
2015-08-02 15:00:00,17951
2015-08-02 18:00:00,17951
2015-08-02 21:00:00,12153
2015-08-03 00:00:00,15545
2015-08-03 03:00:00,15545
2015-08-03 06:00:00,15545
2015-08-03 09:00:00,14384
2015-08-03 12:00:00,10214
2015-08-03 15:00:00,10214
2015-08-03 18:00:00,8498
2015-08-03 21:00:00,14119
2015-08-04 00:00:00,15400
2015-08-04 03:00:00,15545
2015-08-04 06:00:00,14384
2015-08-04 09:00:00,14384
2015-08-04 12:00:00,10214
2015-08-04 15:00:00,10214
2015-08-04 18:00:00,10214
2015-08-04 21:00:00,10214
2015-08-05 00:00:00,10214
2015-08-05 03:00:00,15545
2015-08-05 06:00:00,15545
2015-08-05 09:00:00,15545
2015-08-05 12:00:00,15545
2015-08-05 15:00:00,10214
2015-08-05 18:00:00,15569
2015-08-05 21:00:00,15569
2015-08-06 00:00:00,10426
2015-08-06 03:00:00,15545
2015-08-06 06:00:00,15545
2015-08-06 09:00:00,14206
2015-08-06 12:00:00,14384
2015-08-06 15:00:00,8026
2015-08-06 18:00:00,10214
2015-08-06 21:00:00,14840
2015-08-07 00:00:00,10214
2015-08-07 03:00:00,15545
2015-08-07 06:00:00,14384
2015-08-07 09:00:00,13740
2015-08-07 12:00:00,11817
2015-08-07 15:00:00,10983
2015-08-07 18:00:00,10214
2015-08-07 21:00:00,10798
2015-08-08 00:00:00,13229
2015-08-08 03:00:00,10135
2015-08-08 06:00:00,9005
2015-08-08 09:00:00,15578
2015-08-08 12:00:00,15578
2015-08-08 15:00:00,10798
2015-08-08 18:00:00,10798
2015-08-08 21:00:00,15937
2015-08-09 00:00:00,12532
2015-08-09 03:00:00,10798
2015-08-09 06:00:00,7144
2015-08-09 09:00:00,15578
2015-08-09 12:00:00,10807
2015-08-09 15:00:00,8959
2015-08-09 18:00:00,15203
2015-08-09 21:00:00,17052
2015-08-10 00:00:00,12544
2015-08-10 03:00:00,15545
2015-08-10 06:00:00,16900
2015-08-10 09:00:00,13891
2015-08-10 12:00:00,14867
2015-08-10 15:00:00,15526
2015-08-10 18:00:00,8933
2015-08-10 21:00:00,12716
2015-08-11 00:00:00,13364
2015-08-11 03:00:00,10214
2015-08-11 06:00:00,13627
2015-08-11 09:00:00,12281
2015-08-11 12:00:00,10214
2015-08-11 15:00:00,14906
2015-08-11 18:00:00,11931
2015-08-11 21:00:00,17246
2015-08-12 00:00:00,10239
2015-08-12 03:00:00,10214
2015-08-12 06:00:00,11817
2015-08-12 09:00:00,11817
2015-08-12 12:00:00,10214
2015-08-12 15:00:00,10214
2015-08-12 18:00:00,11931
2015-08-12 21:00:00,11931
2015-08-13 00:00:00,11931
2015-08-13 03:00:00,15630
2015-08-13 06:00:00,10239
2015-08-13 09:00:00,9380
2015-08-13 12:00:00,6739
2015-08-13 15:00:00,10135
2015-08-13 18:00:00,-2829
2015-08-13 21:00:00,9474
2015-08-14 00:00:00,-310
2015-08-14 03:00:00,18427
2015-08-14 06:00:00,18427
2015-08-14 09:00:00,13737
2015-08-14 12:00:00,11771
2015-08-14 15:00:00,17383
2015-08-14 18:00:00,7974
2015-08-14 21:00:00,15937
2015-08-15 00:00:00,12716
2015-08-15 03:00:00,12716
2015-08-15 06:00:00,20378
2015-08-15 09:00:00,15578
2015-08-15 12:00:00,11771
2015-08-15 15:00:00,12532
2015-08-15 18:00:00,7865
2015-08-15 21:00:00,12716
2015-08-16 00:00:00,14597
2015-08-16 03:00:00,11056
2015-08-16 06:00:00,11817
2015-08-16 09:00:00,6739
2015-08-16 12:00:00,14431
2015-08-16 15:00:00,13973
2015-08-16 18:00:00,5140
2015-08-16 21:00:00,12716
2015-08-17 00:00:00,12716
2015-08-17 03:00:00,12716
2015-08-17 06:00:00,15526
2015-08-17 09:00:00,16078
2015-08-17 12:00:00,10798
2015-08-17 15:00:00,10424
2015-08-17 18:00:00,11838
2015-08-17 21:00:00,9474
2015-08-18 00:00:00,15463
2015-08-18 03:00:00,11518
2015-08-18 06:00:00,13316
2015-08-18 09:00:00,14422
2015-08-18 12:00:00,14613
2015-08-18 15:00:00,13364
2015-08-18 18:00:00,13100
2015-08-18 21:00:00,13364
2015-08-19 00:00:00,13364
2015-08-19 03:00:00,10214
2015-08-19 06:00:00,13737
2015-08-19 09:00:00,10214
2015-08-19 12:00:00,10214
2015-08-19 15:00:00,13364
2015-08-19 18:00:00,11341
2015-08-19 21:00:00,13364
2015-08-20 00:00:00,13364
2015-08-20 03:00:00,10214
2015-08-20 06:00:00,13627
2015-08-20 09:00:00,13627
2015-08-20 12:00:00,10214
2015-08-20 15:00:00,10214
2015-08-20 18:00:00,11341
2015-08-20 21:00:00,13364
2015-08-21 00:00:00,11056
2015-08-21 03:00:00,15545
2015-08-21 06:00:00,15545
2015-08-21 09:00:00,15545
2015-08-21 12:00:00,15545
2015-08-21 15:00:00,8026
2015-08-21 18:00:00,15569
2015-08-21 21:00:00,13364
2015-08-22 00:00:00,13364
2015-08-22 03:00:00,15545
2015-08-22 06:00:00,13627
2015-08-22 09:00:00,13627
2015-08-22 12:00:00,11817
2015-08-22 15:00:00,10214
2015-08-22 18:00:00,15569
2015-08-22 21:00:00,15688
2015-08-23 00:00:00,10426
2015-08-23 03:00:00,15545
2015-08-23 06:00:00,15545
2015-08-23 09:00:00,14366
2015-08-23 12:00:00,18037
2015-08-23 15:00:00,10214
2015-08-23 18:00:00,15937
2015-08-23 21:00:00,15937
2015-08-24 00:00:00,13903
2015-08-24 03:00:00,14635
2015-08-24 06:00:00,18452
2015-08-24 09:00:00,14635
2015-08-24 12:00:00,13740
2015-08-24 15:00:00,9759
2015-08-24 18:00:00,12308
2015-08-24 21:00:00,13718
2015-08-25 00:00:00,9145
2015-08-25 03:00:00,10135
2015-08-25 06:00:00,15578
2015-08-25 09:00:00,15578
2015-08-25 12:00:00,8307
2015-08-25 15:00:00,17383
2015-08-25 18:00:00,11838
2015-08-25 21:00:00,13364
2015-08-26 00:00:00,15463
2015-08-26 03:00:00,8307
2015-08-26 06:00:00,17106
2015-08-26 09:00:00,10214
2015-08-26 12:00:00,12373
2015-08-26 15:00:00,12532
2015-08-26 18:00:00,7053
2015-08-26 21:00:00,7395
2015-08-27 00:00:00,12363
2015-08-27 03:00:00,10214
2015-08-27 06:00:00,15545
2015-08-27 09:00:00,10214
2015-08-27 12:00:00,10214
2015-08-27 15:00:00,10214
2015-08-27 18:00:00,11912
2015-08-27 21:00:00,10199
2015-08-28 00:00:00,8498
2015-08-28 03:00:00,10214
2015-08-28 06:00:00,19574
2015-08-28 09:00:00,10214
2015-08-28 12:00:00,10214
2015-08-28 15:00:00,9991
2015-08-28 18:00:00,12716
2015-08-28 21:00:00,4638
2015-08-29 00:00:00,11931
2015-08-29 03:00:00,8046
2015-08-29 06:00:00,20661
2015-08-29 09:00:00,17779
2015-08-29 12:00:00,10214
2015-08-29 15:00:00,8018
2015-08-29 18:00:00,17052
2015-08-29 21:00:00,15282
2015-08-30 00:00:00,10690
2015-08-30 03:00:00,12516
2015-08-30 06:00:00,7915
2015-08-30 09:00:00,16972
2015-08-30 12:00:00,15630
2015-08-30 15:00:00,12500
2015-08-30 18:00:00,12135
2015-08-30 21:00:00,12135
2015-08-31 00:00:00,10996
2015-08-31 03:00:00,11056
2015-08-31 06:00:00,15573
2015-08-31 09:00:00,10214
2015-08-31 12:00:00,10214
2015-08-31 15:00:00,10214
2015-08-31 18:00:00,11449
2015-08-31 21:00:00,14938
2015-09-01 00:00:00,11912
2015-09-01 03:00:00,17058
2015-09-01 06:00:00,15545
2015-09-01 09:00:00,10214
2015-09-01 12:00:00,13189
2015-09-01 15:00:00,13189
2015-09-01 18:00:00,11912
2015-09-01 21:00:00,14408
2015-09-02 00:00:00,13364
2015-09-02 03:00:00,15478
2015-09-02 06:00:00,15545
2015-09-02 09:00:00,14206
2015-09-02 12:00:00,8026
2015-09-02 15:00:00,14840
2015-09-02 18:00:00,13115
2015-09-02 21:00:00,8749
2015-09-03 00:00:00,8749
2015-09-03 03:00:00,11817
2015-09-03 06:00:00,11817
2015-09-03 09:00:00,11817
2015-09-03 12:00:00,12281
2015-09-03 15:00:00,8643
2015-09-03 18:00:00,6127
2015-09-03 21:00:00,11857
2015-09-04 00:00:00,11931
2015-09-04 03:00:00,9155
2015-09-04 06:00:00,6739
2015-09-04 09:00:00,15630
2015-09-04 12:00:00,11753
2015-09-04 15:00:00,11753
2015-09-04 18:00:00,10431
2015-09-04 21:00:00,11857
2015-09-05 00:00:00,13452
2015-09-05 03:00:00,14597
2015-09-05 06:00:00,3232
2015-09-05 09:00:00,10214
2015-09-05 12:00:00,11753
2015-09-05 15:00:00,8942
2015-09-05 18:00:00,7754
2015-09-05 21:00:00,-416
2015-09-06 00:00:00,13288
2015-09-06 03:00:00,9048
2015-09-06 06:00:00,7720
2015-09-06 09:00:00,10798
2015-09-06 12:00:00,12153
2015-09-06 15:00:00,12544
2015-09-06 18:00:00,14938
2015-09-06 21:00:00,8132
2015-09-07 00:00:00,9139
2015-09-07 03:00:00,10135
2015-09-07 06:00:00,11260
2015-09-07 09:00:00,1270
2015-09-07 12:00:00,16160
2015-09-07 15:00:00,16675
2015-09-07 18:00:00,16675
2015-09-07 21:00:00,11857
2015-09-08 00:00:00,25490
2015-09-08 03:00:00,12716
2015-09-08 06:00:00,11075
2015-09-08 09:00:00,11260
2015-09-08 12:00:00,6127
2015-09-08 15:00:00,12731
2015-09-08 18:00:00,16101
2015-09-08 21:00:00,12354
2015-09-09 00:00:00,8089
2015-09-09 03:00:00,14366
2015-09-09 06:00:00,9457
2015-09-09 09:00:00,8854
2015-09-09 12:00:00,11931
2015-09-09 15:00:00,13464
2015-09-09 18:00:00,9622
2015-09-09 21:00:00,9622
2015-09-10 00:00:00,11931
2015-09-10 03:00:00,18341
2015-09-10 06:00:00,4792
2015-09-10 09:00:00,12919
2015-09-10 12:00:00,16075
2015-09-10 15:00:00,7102
2015-09-10 18:00:00,12500
2015-09-10 21:00:00,8033
2015-09-11 00:00:00,15937
2015-09-11 03:00:00,13229
2015-09-11 06:00:00,11075
2015-09-11 09:00:00,10214
2015-09-11 12:00:00,10447
2015-09-11 15:00:00,11931
2015-09-11 18:00:00,12354
2015-09-11 21:00:00,12354
2015-09-12 00:00:00,13598
2015-09-12 03:00:00,10214
2015-09-12 06:00:00,10214
2015-09-12 09:00:00,13598
2015-09-12 12:00:00,10214
2015-09-12 15:00:00,8089
2015-09-12 18:00:00,1315
2015-09-12 21:00:00,11931
2015-09-13 00:00:00,13022
2015-09-13 03:00:00,10214
2015-09-13 06:00:00,11325
2015-09-13 09:00:00,14925
2015-09-13 12:00:00,14072
2015-09-13 15:00:00,6752
2015-09-13 18:00:00,8624
2015-09-13 21:00:00,8624
2015-09-14 00:00:00,11514
2015-09-14 03:00:00,12716
2015-09-14 06:00:00,13627
2015-09-14 09:00:00,12373
2015-09-14 12:00:00,8063
2015-09-14 15:00:00,13288
2015-09-14 18:00:00,13288
2015-09-14 21:00:00,13288
2015-09-15 00:00:00,13288
2015-09-15 03:00:00,10798
2015-09-15 06:00:00,11325
2015-09-15 09:00:00,14856
2015-09-15 12:00:00,4345
2015-09-15 15:00:00,13836
2015-09-15 18:00:00,3746
2015-09-15 21:00:00,17670
2015-09-16 00:00:00,11931
2015-09-16 03:00:00,8063
2015-09-16 06:00:00,6739
2015-09-16 09:00:00,11755
2015-09-16 12:00:00,11755
2015-09-16 15:00:00,14414
2015-09-16 18:00:00,11220
2015-09-16 21:00:00,11220
2015-09-17 00:00:00,11931
2015-09-17 03:00:00,-6618
2015-09-17 06:00:00,13491
2015-09-17 09:00:00,18037
2015-09-17 12:00:00,10798
2015-09-17 15:00:00,11931
2015-09-17 18:00:00,11931
2015-09-17 21:00:00,11931
2015-09-18 00:00:00,11931
2015-09-18 03:00:00,10214
2015-09-18 06:00:00,6739
2015-09-18 09:00:00,15887
2015-09-18 12:00:00,1802
2015-09-18 15:00:00,9238
2015-09-18 18:00:00,10239
2015-09-18 21:00:00,7797
2015-09-19 00:00:00,14938
2015-09-19 03:00:00,18341
2015-09-19 06:00:00,11260
2015-09-19 09:00:00,14366
2015-09-19 12:00:00,11325
2015-09-19 15:00:00,13022
2015-09-19 18:00:00,8033
2015-09-19 21:00:00,8033
2015-09-20 00:00:00,8033
2015-09-20 03:00:00,18341
2015-09-20 06:00:00,18037
2015-09-20 09:00:00,18497
2015-09-20 12:00:00,10214
2015-09-20 15:00:00,12153
2015-09-20 18:00:00,-310
2015-09-20 21:00:00,8033
2015-09-21 00:00:00,10996
2015-09-21 03:00:00,10426
2015-09-21 06:00:00,11817
2015-09-21 09:00:00,11817
2015-09-21 12:00:00,11325
2015-09-21 15:00:00,11931
2015-09-21 18:00:00,11931
2015-09-21 21:00:00,10814
2015-09-22 00:00:00,12500
2015-09-22 03:00:00,10426
2015-09-22 06:00:00,13627
2015-09-22 09:00:00,11631
2015-09-22 12:00:00,10798
2015-09-22 15:00:00,17383
2015-09-22 18:00:00,12500
2015-09-22 21:00:00,11931
2015-09-23 00:00:00,8749
2015-09-23 03:00:00,10214
2015-09-23 06:00:00,14384
2015-09-23 09:00:00,10214
2015-09-23 12:00:00,10214
2015-09-23 15:00:00,10214
2015-09-23 18:00:00,13115
2015-09-23 21:00:00,11341
2015-09-24 00:00:00,10214
2015-09-24 03:00:00,10214
2015-09-24 06:00:00,15545
2015-09-24 09:00:00,18157
2015-09-24 12:00:00,16972
2015-09-24 15:00:00,15203
2015-09-24 18:00:00,9722
2015-09-24 21:00:00,4276
2015-09-25 00:00:00,12509
2015-09-25 03:00:00,14925
2015-09-25 06:00:00,15578
2015-09-25 09:00:00,14149
2015-09-25 12:00:00,11610
2015-09-25 15:00:00,14910
2015-09-25 18:00:00,13115
2015-09-25 21:00:00,13364
2015-09-26 00:00:00,13364
2015-09-26 03:00:00,10214
2015-09-26 06:00:00,12704
2015-09-26 09:00:00,10214
2015-09-26 12:00:00,11341
2015-09-26 15:00:00,11341
2015-09-26 18:00:00,3781
2015-09-26 21:00:00,15848
2015-09-27 00:00:00,1577
2015-09-27 03:00:00,10447
2015-09-27 06:00:00,10239
2015-09-27 09:00:00,11817
2015-09-27 12:00:00,15878
2015-09-27 15:00:00,15878
2015-09-27 18:00:00,16101
2015-09-27 21:00:00,11931
2015-09-28 00:00:00,11931
2015-09-28 03:00:00,9155
2015-09-28 06:00:00,10214
2015-09-28 09:00:00,10214
2015-09-28 12:00:00,10214
2015-09-28 15:00:00,11341
2015-09-28 18:00:00,15183
2015-09-28 21:00:00,13364
2015-09-29 00:00:00,10814
2015-09-29 03:00:00,10214
2015-09-29 06:00:00,15545
2015-09-29 09:00:00,15545
2015-09-29 12:00:00,13364
2015-09-29 15:00:00,13364
2015-09-29 18:00:00,14970
2015-09-29 21:00:00,6856
2015-09-30 00:00:00,7766
2015-09-30 03:00:00,15545
2015-09-30 06:00:00,15545
2015-09-30 09:00:00,15545
2015-09-30 12:00:00,15630
2015-09-30 15:00:00,11912
2015-09-30 18:00:00,12528
2015-09-30 21:00:00,3795
2015-10-01 00:00:00,12500
2015-10-01 03:00:00,16268
2015-10-01 06:00:00,10214
2015-10-01 09:00:00,10214
2015-10-01 12:00:00,13364
2015-10-01 15:00:00,12532
2015-10-01 18:00:00,8018
2015-10-01 21:00:00,8018
2015-10-02 00:00:00,12716
2015-10-02 03:00:00,12124
2015-10-02 06:00:00,12704
2015-10-02 09:00:00,2523
2015-10-02 12:00:00,12716
2015-10-02 15:00:00,8933
2015-10-02 18:00:00,5140
2015-10-02 21:00:00,13288
2015-10-03 00:00:00,13364
2015-10-03 03:00:00,10927
2015-10-03 06:00:00,10927
2015-10-03 09:00:00,9011
2015-10-03 12:00:00,8026
2015-10-03 15:00:00,13115
2015-10-03 18:00:00,13115
2015-10-03 21:00:00,13364
2015-10-04 00:00:00,15688
2015-10-04 03:00:00,10927
2015-10-04 06:00:00,10927
2015-10-04 09:00:00,10927
2015-10-04 12:00:00,8026
2015-10-04 15:00:00,11341
2015-10-04 18:00:00,13115
2015-10-04 21:00:00,15688
2015-10-05 00:00:00,13321
2015-10-05 03:00:00,14569
2015-10-05 06:00:00,8026
2015-10-05 09:00:00,8026
2015-10-05 12:00:00,11341
2015-10-05 15:00:00,11341
2015-10-05 18:00:00,11341
2015-10-05 21:00:00,11341
2015-10-06 00:00:00,11341
2015-10-06 03:00:00,10214
2015-10-06 06:00:00,8026
2015-10-06 09:00:00,12755
2015-10-06 12:00:00,11341
2015-10-06 15:00:00,11341
2015-10-06 18:00:00,11341
2015-10-06 21:00:00,13364
2015-10-07 00:00:00,13364
2015-10-07 03:00:00,10214
2015-10-07 06:00:00,10214
2015-10-07 09:00:00,8307
2015-10-07 12:00:00,17383
2015-10-07 15:00:00,582
2015-10-07 18:00:00,15581
2015-10-07 21:00:00,10620
2015-10-08 00:00:00,12586
2015-10-08 03:00:00,15272
2015-10-08 06:00:00,12704
2015-10-08 09:00:00,14498
2015-10-08 12:00:00,14891
2015-10-08 15:00:00,4645
2015-10-08 18:00:00,3285
2015-10-08 21:00:00,13982
2015-10-09 00:00:00,11514
2015-10-09 03:00:00,12429
2015-10-09 06:00:00,11075
2015-10-09 09:00:00,9648
2015-10-09 12:00:00,582
2015-10-09 15:00:00,6401
2015-10-09 18:00:00,-806
2015-10-09 21:00:00,15533
2015-10-10 00:00:00,9911
2015-10-10 03:00:00,13364
2015-10-10 06:00:00,13364
2015-10-10 09:00:00,4345
2015-10-10 12:00:00,15458
2015-10-10 15:00:00,11147
2015-10-10 18:00:00,13770
2015-10-10 21:00:00,8738
2015-10-11 00:00:00,15412
2015-10-11 03:00:00,5938
2015-10-11 06:00:00,15468
2015-10-11 09:00:00,17493
2015-10-11 12:00:00,11749
2015-10-11 15:00:00,10402
2015-10-11 18:00:00,16850
2015-10-11 21:00:00,20232
2015-10-12 00:00:00,9457
2015-10-12 03:00:00,10917
2015-10-12 06:00:00,6412
2015-10-12 09:00:00,14108
2015-10-12 12:00:00,15413
2015-10-12 15:00:00,20232
2015-10-12 18:00:00,20232
2015-10-12 21:00:00,11733
2015-10-13 00:00:00,15056
2015-10-13 03:00:00,15964
2015-10-13 06:00:00,12186
2015-10-13 09:00:00,20232
2015-10-13 12:00:00,11931
2015-10-13 15:00:00,14230
2015-10-13 18:00:00,16850
2015-10-13 21:00:00,16892
2015-10-14 00:00:00,16370
2015-10-14 03:00:00,9654
2015-10-14 06:00:00,10214
2015-10-14 09:00:00,10214
2015-10-14 12:00:00,11931
2015-10-14 15:00:00,7459
2015-10-14 18:00:00,11322
2015-10-14 21:00:00,4345
2015-10-15 00:00:00,14441
2015-10-15 03:00:00,8858
2015-10-15 06:00:00,1802
2015-10-15 09:00:00,14108
2015-10-15 12:00:00,9799
2015-10-15 15:00:00,9569
2015-10-15 18:00:00,9569
2015-10-15 21:00:00,13088
2015-10-16 00:00:00,15229
2015-10-16 03:00:00,10169
2015-10-16 06:00:00,10240
2015-10-16 09:00:00,20002
2015-10-16 12:00:00,13317
2015-10-16 15:00:00,12845
2015-10-16 18:00:00,898
2015-10-16 21:00:00,11065
2015-10-17 00:00:00,15338
2015-10-17 03:00:00,13618
2015-10-17 06:00:00,12429
2015-10-17 09:00:00,13364
2015-10-17 12:00:00,14507
2015-10-17 15:00:00,13364
2015-10-17 18:00:00,3491
2015-10-17 21:00:00,7797
2015-10-18 00:00:00,6856
2015-10-18 03:00:00,13463
2015-10-18 06:00:00,13364
2015-10-18 09:00:00,13364
2015-10-18 12:00:00,13364
2015-10-18 15:00:00,10379
2015-10-18 18:00:00,9375
2015-10-18 21:00:00,1710
2015-10-19 00:00:00,5423
2015-10-19 03:00:00,11403
2015-10-19 06:00:00,10414
2015-10-19 09:00:00,13857
2015-10-19 12:00:00,6112
2015-10-19 15:00:00,13924
2015-10-19 18:00:00,15230
2015-10-19 21:00:00,1610
2015-10-20 00:00:00,10478
2015-10-20 03:00:00,17945
2015-10-20 06:00:00,17945
2015-10-20 09:00:00,1610
2015-10-20 12:00:00,1610
2015-10-20 15:00:00,14639
2015-10-20 18:00:00,8313
2015-10-20 21:00:00,15230
2015-10-21 00:00:00,12055
2015-10-21 03:00:00,10770
2015-10-21 06:00:00,11524
2015-10-21 09:00:00,10198
2015-10-21 12:00:00,4557
2015-10-21 15:00:00,8473
2015-10-21 18:00:00,9609
2015-10-21 21:00:00,7768
2015-10-22 00:00:00,8723
2015-10-22 03:00:00,-238
2015-10-22 06:00:00,14108
2015-10-22 09:00:00,10814
2015-10-22 12:00:00,9848
2015-10-22 15:00:00,9848
2015-10-22 18:00:00,11848
2015-10-22 21:00:00,12914
2015-10-23 00:00:00,8033
2015-10-23 03:00:00,13364
2015-10-23 06:00:00,13364
2015-10-23 09:00:00,13364
2015-10-23 12:00:00,8933
2015-10-23 15:00:00,8933
2015-10-23 18:00:00,11850
2015-10-23 21:00:00,9535
2015-10-24 00:00:00,11573
2015-10-24 03:00:00,13364
2015-10-24 06:00:00,13364
2015-10-24 09:00:00,14332
2015-10-24 12:00:00,13364
2015-10-24 15:00:00,11762
2015-10-24 18:00:00,7610
2015-10-24 21:00:00,11762
2015-10-25 00:00:00,8033
2015-10-25 03:00:00,8933
2015-10-25 06:00:00,9973
2015-10-25 09:00:00,10214
2015-10-25 12:00:00,13115
2015-10-25 15:00:00,9683
2015-10-25 18:00:00,7610
2015-10-25 21:00:00,12671
2015-10-26 00:00:00,12914
2015-10-26 03:00:00,15688
2015-10-26 06:00:00,10927
2015-10-26 09:00:00,10214
2015-10-26 12:00:00,13364
2015-10-26 15:00:00,12671
2015-10-26 18:00:00,12914
2015-10-26 21:00:00,8284
2015-10-27 00:00:00,17148
2015-10-27 03:00:00,10387
2015-10-27 06:00:00,10909
2015-10-27 09:00:00,8069
2015-10-27 12:00:00,6112
2015-10-27 15:00:00,5462
2015-10-27 18:00:00,12689
2015-10-27 21:00:00,12689
2015-10-28 00:00:00,11596
2015-10-28 03:00:00,15443
2015-10-28 06:00:00,1610
2015-10-28 09:00:00,382
2015-10-28 12:00:00,8959
2015-10-28 15:00:00,10920
2015-10-28 18:00:00,5200
2015-10-28 21:00:00,6105
2015-10-29 00:00:00,10985
2015-10-29 03:00:00,10271
2015-10-29 06:00:00,10620
2015-10-29 09:00:00,6875
2015-10-29 12:00:00,11754
2015-10-29 15:00:00,8899
2015-10-29 18:00:00,13144
2015-10-29 21:00:00,13336
2015-10-30 00:00:00,14148
2015-10-30 03:00:00,13504
2015-10-30 06:00:00,9692
2015-10-30 09:00:00,11691
2015-10-30 12:00:00,10351
2015-10-30 15:00:00,11691
2015-10-30 18:00:00,1582
2015-10-30 21:00:00,9221
2015-10-31 00:00:00,14342
2015-10-31 03:00:00,18430
2015-10-31 06:00:00,11657
2015-10-31 09:00:00,-113
2015-10-31 12:00:00,8643
2015-10-31 15:00:00,1610
2015-10-31 18:00:00,1610
2015-10-31 21:00:00,1610
2015-11-01 00:00:00,18146
2015-11-01 03:00:00,10770
2015-11-01 06:00:00,11312
2015-11-01 09:00:00,-67
2015-11-01 12:00:00,12689
2015-11-01 15:00:00,15533
2015-11-01 18:00:00,10493
2015-11-01 21:00:00,8033
2015-11-02 00:00:00,12135
2015-11-02 03:00:00,13364
2015-11-02 06:00:00,13364
2015-11-02 09:00:00,13364
2015-11-02 12:00:00,9280
2015-11-02 15:00:00,14832
2015-11-02 18:00:00,1716
2015-11-02 21:00:00,10379
2015-11-03 00:00:00,10482
2015-11-03 03:00:00,10482
2015-11-03 06:00:00,15792
2015-11-03 09:00:00,13364
2015-11-03 12:00:00,13364
2015-11-03 15:00:00,10482
2015-11-03 18:00:00,8284
2015-11-03 21:00:00,8284
2015-11-04 00:00:00,11582
2015-11-04 03:00:00,5140
2015-11-04 06:00:00,15688
2015-11-04 09:00:00,15688
2015-11-04 12:00:00,13424
2015-11-04 15:00:00,16617
2015-11-04 18:00:00,10955
2015-11-04 21:00:00,12770
2015-11-05 00:00:00,12894
2015-11-05 03:00:00,14911
2015-11-05 06:00:00,14526
2015-11-05 09:00:00,10169
2015-11-05 12:00:00,10169
2015-11-05 15:00:00,14551
2015-11-05 18:00:00,7643
2015-11-05 21:00:00,7889
2015-11-06 00:00:00,13545
2015-11-06 03:00:00,11819
2015-11-06 06:00:00,12186
2015-11-06 09:00:00,15351
2015-11-06 12:00:00,15107
2015-11-06 15:00:00,16367
2015-11-06 18:00:00,12377
2015-11-06 21:00:00,10048
2015-11-07 00:00:00,12714
2015-11-07 03:00:00,13364
2015-11-07 06:00:00,2312
2015-11-07 09:00:00,16133
2015-11-07 12:00:00,12066
2015-11-07 15:00:00,8775
2015-11-07 18:00:00,10812
2015-11-07 21:00:00,15056
2015-11-08 00:00:00,7525
2015-11-08 03:00:00,7782
2015-11-08 06:00:00,12105
2015-11-08 09:00:00,10870
2015-11-08 12:00:00,16453
2015-11-08 15:00:00,16453
2015-11-08 18:00:00,5331
2015-11-08 21:00:00,13109
2015-11-09 00:00:00,9064
2015-11-09 03:00:00,16997
2015-11-09 06:00:00,7522
2015-11-09 09:00:00,10478
2015-11-09 12:00:00,7226
2015-11-09 15:00:00,7457
2015-11-09 18:00:00,12631
2015-11-09 21:00:00,8148
2015-11-10 00:00:00,10017
2015-11-10 03:00:00,13364
2015-11-10 06:00:00,8773
2015-11-10 09:00:00,15848
2015-11-10 12:00:00,12066
2015-11-10 15:00:00,8775
2015-11-10 18:00:00,12553
2015-11-10 21:00:00,6553
2015-11-11 00:00:00,13466
2015-11-11 03:00:00,12251
2015-11-11 06:00:00,10909
2015-11-11 09:00:00,12105
2015-11-11 12:00:00,8137
2015-11-11 15:00:00,15983
2015-11-11 18:00:00,6810
2015-11-11 21:00:00,15895
2015-11-12 00:00:00,17354
2015-11-12 03:00:00,9574
2015-11-12 06:00:00,11691
2015-11-12 09:00:00,13926
2015-11-12 12:00:00,10379
2015-11-12 15:00:00,10379
2015-11-12 18:00:00,11286
2015-11-12 21:00:00,-1649
2015-11-13 00:00:00,6012
2015-11-13 03:00:00,9221
2015-11-13 06:00:00,10917
2015-11-13 09:00:00,8480
2015-11-13 12:00:00,8480
2015-11-13 15:00:00,12714
2015-11-13 18:00:00,13869
2015-11-13 21:00:00,13869
2015-11-14 00:00:00,9372
2015-11-14 03:00:00,16301
2015-11-14 06:00:00,15937
2015-11-14 09:00:00,13364
2015-11-14 12:00:00,10402
2015-11-14 15:00:00,15190
2015-11-14 18:00:00,7610
2015-11-14 21:00:00,8723
2015-11-15 00:00:00,12135
2015-11-15 03:00:00,13364
2015-11-15 06:00:00,13364
2015-11-15 09:00:00,12095
2015-11-15 12:00:00,15997
2015-11-15 15:00:00,12901
2015-11-15 18:00:00,12901
2015-11-15 21:00:00,9569
2015-11-16 00:00:00,9569
2015-11-16 03:00:00,9911
2015-11-16 06:00:00,9569
2015-11-16 09:00:00,16370
2015-11-16 12:00:00,16370
2015-11-16 15:00:00,16370
2015-11-16 18:00:00,6979
2015-11-16 21:00:00,-806
2015-11-17 00:00:00,8293
2015-11-17 03:00:00,11749
2015-11-17 06:00:00,10447
2015-11-17 09:00:00,15713
2015-11-17 12:00:00,10146
2015-11-17 15:00:00,10146
2015-11-17 18:00:00,11473
2015-11-17 21:00:00,15513
2015-11-18 00:00:00,8398
2015-11-18 03:00:00,13364
2015-11-18 06:00:00,13364
2015-11-18 09:00:00,15878
2015-11-18 12:00:00,16370
2015-11-18 15:00:00,11749
2015-11-18 18:00:00,6149
2015-11-18 21:00:00,10815
2015-11-19 00:00:00,9386
2015-11-19 03:00:00,14716
2015-11-19 06:00:00,13761
2015-11-19 09:00:00,8287
2015-11-19 12:00:00,2511
2015-11-19 15:00:00,11483
2015-11-19 18:00:00,11689
2015-11-19 21:00:00,9221
2015-11-20 00:00:00,4351
2015-11-20 03:00:00,11733
2015-11-20 06:00:00,11657
2015-11-20 09:00:00,11517
2015-11-20 12:00:00,6127
2015-11-20 15:00:00,8140
2015-11-20 18:00:00,10794
2015-11-20 21:00:00,14935
2015-11-21 00:00:00,5834
2015-11-21 03:00:00,15934
2015-11-21 06:00:00,13680
2015-11-21 09:00:00,13080
2015-11-21 12:00:00,9213
2015-11-21 15:00:00,1716
2015-11-21 18:00:00,12055
2015-11-21 21:00:00,7358
2015-11-22 00:00:00,2073
2015-11-22 03:00:00,9356
2015-11-22 06:00:00,10240
2015-11-22 09:00:00,8541
2015-11-22 12:00:00,16892
2015-11-22 15:00:00,13099
2015-11-22 18:00:00,11321
2015-11-22 21:00:00,12006
2015-11-23 00:00:00,11202
2015-11-23 03:00:00,13977
2015-11-23 06:00:00,7003
2015-11-23 09:00:00,1697
2015-11-23 12:00:00,1582
2015-11-23 15:00:00,6028
2015-11-23 18:00:00,10130
2015-11-23 21:00:00,14441
2015-11-24 00:00:00,6715
2015-11-24 03:00:00,9569
2015-11-24 06:00:00,10159
2015-11-24 09:00:00,13651
2015-11-24 12:00:00,8574
2015-11-24 15:00:00,11762
2015-11-24 18:00:00,16617
2015-11-24 21:00:00,14929
2015-11-25 00:00:00,9527
2015-11-25 03:00:00,4659
2015-11-25 06:00:00,4659
2015-11-25 09:00:00,967
2015-11-25 12:00:00,16453
2015-11-25 15:00:00,10506
2015-11-25 18:00:00,12169
2015-11-25 21:00:00,-2
2015-11-26 00:00:00,13909
2015-11-26 03:00:00,10478
2015-11-26 06:00:00,10169
2015-11-26 09:00:00,8332
2015-11-26 12:00:00,15651
2015-11-26 15:00:00,2057
2015-11-26 18:00:00,6900
2015-11-26 21:00:00,8174
2015-11-27 00:00:00,-1296
2015-11-27 03:00:00,9213
2015-11-27 06:00:00,12444
2015-11-27 09:00:00,12444
2015-11-27 12:00:00,12444
2015-11-27 15:00:00,12444
2015-11-27 18:00:00,10025
2015-11-27 21:00:00,10699
2015-11-28 00:00:00,15688
2015-11-28 03:00:00,15688
2015-11-28 06:00:00,15688
2015-11-28 09:00:00,15688
2015-11-28 12:00:00,7610
2015-11-28 15:00:00,7610
2015-11-28 18:00:00,11642
2015-11-28 21:00:00,9683
2015-11-29 00:00:00,373
2015-11-29 03:00:00,13463
2015-11-29 06:00:00,13463
2015-11-29 09:00:00,15688
2015-11-29 12:00:00,13099
2015-11-29 15:00:00,1238
2015-11-29 18:00:00,6950
2015-11-29 21:00:00,9683
2015-11-30 00:00:00,17283
2015-11-30 03:00:00,5140
2015-11-30 06:00:00,-537
2015-11-30 09:00:00,9046
2015-11-30 12:00:00,17354
2015-11-30 15:00:00,3687
2015-11-30 18:00:00,12856
2015-11-30 21:00:00,18299
2015-12-01 00:00:00,2073
2015-12-01 03:00:00,-1385
2015-12-01 06:00:00,14082
2015-12-01 09:00:00,10359
2015-12-01 12:00:00,10699
2015-12-01 15:00:00,11642
2015-12-01 18:00:00,16617
2015-12-01 21:00:00,10025
2015-12-02 00:00:00,12444
2015-12-02 03:00:00,6848
2015-12-02 06:00:00,15440
2015-12-02 09:00:00,3512
2015-12-02 12:00:00,7337
2015-12-02 15:00:00,7610
2015-12-02 18:00:00,17283
2015-12-02 21:00:00,11819
2015-12-03 00:00:00,10795
2015-12-03 03:00:00,4659
2015-12-03 06:00:00,19216
2015-12-03 09:00:00,8541
2015-12-03 12:00:00,10795
2015-12-03 15:00:00,11473
2015-12-03 18:00:00,4659
2015-12-03 21:00:00,4659
2015-12-04 00:00:00,4659
2015-12-04 03:00:00,822
2015-12-04 06:00:00,3132
2015-12-04 09:00:00,9958
2015-12-04 12:00:00,10032
2015-12-04 15:00:00,12865
2015-12-04 18:00:00,10182
2015-12-04 21:00:00,11303
2015-12-05 00:00:00,8063
2015-12-05 03:00:00,10214
2015-12-05 06:00:00,13463
2015-12-05 09:00:00,9683
2015-12-05 12:00:00,13424
2015-12-05 15:00:00,3417
2015-12-05 18:00:00,10940
2015-12-05 21:00:00,10940
2015-12-06 00:00:00,16283
2015-12-06 03:00:00,13364
2015-12-06 06:00:00,11341
2015-12-06 09:00:00,13364
2015-12-06 12:00:00,10919
2015-12-06 15:00:00,16283
2015-12-06 18:00:00,15997
2015-12-06 21:00:00,10032
2015-12-07 00:00:00,10919
2015-12-07 03:00:00,9661
2015-12-07 06:00:00,13903
2015-12-07 09:00:00,9140
2015-12-07 12:00:00,11762
2015-12-07 15:00:00,11762
2015-12-07 18:00:00,16617
2015-12-07 21:00:00,373
2015-12-08 00:00:00,14549
2015-12-08 03:00:00,8541
2015-12-08 06:00:00,8360
2015-12-08 09:00:00,8360
2015-12-08 12:00:00,9958
2015-12-08 15:00:00,11475
2015-12-08 18:00:00,10032
2015-12-08 21:00:00,8836
2015-12-09 00:00:00,17283
2015-12-09 03:00:00,9683
2015-12-09 06:00:00,15688
2015-12-09 09:00:00,9683
2015-12-09 12:00:00,14449
2015-12-09 15:00:00,9372
2015-12-09 18:00:00,13390
2015-12-09 21:00:00,10032
2015-12-10 00:00:00,11303
2015-12-10 03:00:00,12165
2015-12-10 06:00:00,13903
2015-12-10 09:00:00,10294
2015-12-10 12:00:00,14449
2015-12-10 15:00:00,3512
2015-12-10 18:00:00,10978
2015-12-10 21:00:00,8975
2015-12-11 00:00:00,10294
2015-12-11 03:00:00,13364
2015-12-11 06:00:00,13364
2015-12-11 09:00:00,13629
2015-12-11 12:00:00,10727
2015-12-11 15:00:00,16617
2015-12-11 18:00:00,5101
2015-12-11 21:00:00,5101
2015-12-12 00:00:00,12770
2015-12-12 03:00:00,9155
2015-12-12 06:00:00,14611
2015-12-12 09:00:00,5140
2015-12-12 12:00:00,11588
2015-12-12 15:00:00,8194
2015-12-12 18:00:00,13869
2015-12-12 21:00:00,4144
2015-12-13 00:00:00,11406
2015-12-13 03:00:00,12212
2015-12-13 06:00:00,8657
2015-12-13 09:00:00,8137
2015-12-13 12:00:00,6997
2015-12-13 15:00:00,8020
2015-12-13 18:00:00,7525
2015-12-13 21:00:00,11390
2015-12-14 00:00:00,10924
2015-12-14 03:00:00,6715
2015-12-14 06:00:00,15396
2015-12-14 09:00:00,12785
2015-12-14 12:00:00,3795
2015-12-14 15:00:00,5939
2015-12-14 18:00:00,12631
2015-12-14 21:00:00,12444
2015-12-15 00:00:00,3131
2015-12-15 03:00:00,7641
2015-12-15 06:00:00,13364
2015-12-15 09:00:00,15135
2015-12-15 12:00:00,11642
2015-12-15 15:00:00,13480
2015-12-15 18:00:00,13854
2015-12-15 21:00:00,10978
2015-12-16 00:00:00,12135
2015-12-16 03:00:00,10755
2015-12-16 06:00:00,15848
2015-12-16 09:00:00,22313
2015-12-16 12:00:00,15848
2015-12-16 15:00:00,6997
2015-12-16 18:00:00,11022
2015-12-16 21:00:00,17312
2015-12-17 00:00:00,1401
2015-12-17 03:00:00,18426
2015-12-17 06:00:00,12055
2015-12-17 09:00:00,-1467
2015-12-17 12:00:00,-2795
2015-12-17 15:00:00,-2795
2015-12-17 18:00:00,2144
2015-12-17 21:00:00,9578
2015-12-18 00:00:00,5140
2015-12-18 03:00:00,5140
2015-12-18 06:00:00,15688
2015-12-18 09:00:00,15688
2015-12-18 12:00:00,16617
2015-12-18 15:00:00,11220
2015-12-18 18:00:00,16617
2015-12-18 21:00:00,16617
2015-12-19 00:00:00,16617
2015-12-19 03:00:00,15688
2015-12-19 06:00:00,13112
2015-12-19 09:00:00,13364
2015-12-19 12:00:00,14007
2015-12-19 15:00:00,-4277
2015-12-19 18:00:00,9198
2015-12-19 21:00:00,6028
2015-12-20 00:00:00,15787
2015-12-20 03:00:00,11062
2015-12-20 06:00:00,6997
2015-12-20 09:00:00,6997
2015-12-20 12:00:00,15229
2015-12-20 15:00:00,15229
2015-12-20 18:00:00,10755
2015-12-20 21:00:00,10795
2015-12-21 00:00:00,10795
2015-12-21 03:00:00,10795
2015-12-21 06:00:00,12421
2015-12-21 09:00:00,10294
2015-12-21 12:00:00,11722
2015-12-21 15:00:00,13099
2015-12-21 18:00:00,10182
2015-12-21 21:00:00,11473
2015-12-22 00:00:00,3661
2015-12-22 03:00:00,4659
2015-12-22 06:00:00,18121
2015-12-22 09:00:00,8948
2015-12-22 12:00:00,15848
2015-12-22 15:00:00,15848
2015-12-22 18:00:00,13099
2015-12-22 21:00:00,15848
2015-12-23 00:00:00,10795
2015-12-23 03:00:00,4659
2015-12-23 06:00:00,3132
2015-12-23 09:00:00,10795
2015-12-23 12:00:00,10795
2015-12-23 15:00:00,10182
2015-12-23 18:00:00,10795
2015-12-23 21:00:00,1558
2015-12-24 00:00:00,1558
2015-12-24 03:00:00,19216
2015-12-24 06:00:00,17283
2015-12-24 09:00:00,17283
2015-12-24 12:00:00,11473
2015-12-24 15:00:00,10182
2015-12-24 18:00:00,10795
2015-12-24 21:00:00,11473
2015-12-25 00:00:00,1558
2015-12-25 03:00:00,14183
2015-12-25 06:00:00,15688
2015-12-25 09:00:00,15688
2015-12-25 12:00:00,16617
2015-12-25 15:00:00,5101
2015-12-25 18:00:00,11848
2015-12-25 21:00:00,11848
2015-12-26 00:00:00,12671
2015-12-26 03:00:00,13364
2015-12-26 06:00:00,11341
2015-12-26 09:00:00,15041
2015-12-26 12:00:00,16617
2015-12-26 15:00:00,10727
2015-12-26 18:00:00,11321
2015-12-26 21:00:00,9865
2015-12-27 00:00:00,9865
2015-12-27 03:00:00,17037
2015-12-27 06:00:00,15688
2015-12-27 09:00:00,15041
2015-12-27 12:00:00,5101
2015-12-27 15:00:00,8194
2015-12-27 18:00:00,8194
2015-12-27 21:00:00,13335
2015-12-28 00:00:00,13217
2015-12-28 03:00:00,11410
2015-12-28 06:00:00,15688
2015-12-28 09:00:00,12770
2015-12-28 12:00:00,12671
2015-12-28 15:00:00,8723
2015-12-28 18:00:00,8723
2015-12-28 21:00:00,11303
2015-12-29 00:00:00,4144
2015-12-29 03:00:00,9292
2015-12-29 06:00:00,9292
2015-12-29 09:00:00,9994
2015-12-29 12:00:00,7302
2015-12-29 15:00:00,8454
2015-12-29 18:00:00,8454
2015-12-29 21:00:00,13816
2015-12-30 00:00:00,17556
2015-12-30 03:00:00,10294
2015-12-30 06:00:00,13364
2015-12-30 09:00:00,13364
2015-12-30 12:00:00,10727
2015-12-30 15:00:00,14821
2015-12-30 18:00:00,9292
2015-12-30 21:00:00,9292
2015-12-31 00:00:00,9292
2015-12-31 03:00:00,9759
2015-12-31 06:00:00,14523
2015-12-31 09:00:00,13364
2015-12-31 12:00:00,9105
2015-12-31 15:00:00,10183
2015-12-31 18:00:00,12671
2015-12-31 21:00:00,10537
2016-01-01 00:00:00,9292
2016-01-01 03:00:00,9759
2016-01-01 06:00:00,10927
2016-01-01 09:00:00,15688
2016-01-01 12:00:00,9105
